benchmarks_dot;0;8320;3.09944152832e-06;1.77767705917;2.92486715317;1.43841719627
benchmarks_dot;1;8320;9.53674316406e-07;1.75614500046;2.12881708145;1.28157496452
benchmarks_dot;2;8320;1.19209289551e-06;1.75604701042;2.13127303123;0.868007898331
benchmarks_dot;3;8320;1.19209289551e-06;1.77434492111;2.15001893044;0.93185210228
benchmarks_dot;4;8320;9.53674316406e-07;1.75426197052;2.09948086739;0.843652009964
benchmarks_dot;5;8320;9.53674316406e-07;1.7542078495;2.09960985184;0.874942779541
benchmarks_dot;6;8320;9.53674316406e-07;1.75421500206;2.0992770195;0.884096860886
benchmarks_dot;7;8320;0.0;1.73431801796;2.07939100266;0.865402936935
benchmarks_dot;8;8320;9.53674316406e-07;1.75428009033;2.09832596779;0.845687150955
benchmarks_dot;9;8320;0.0;1.7743268013;2.11878204346;0.834485054016
benchmarks_dot;0;8448;3.09944152832e-06;1.99600696564;2.99516391754;1.41564893723
benchmarks_dot;1;8448;9.53674316406e-07;1.83457684517;2.18353486061;1.249822855
benchmarks_dot;2;8448;0.0;1.85486602783;2.20607590675;0.875464916229
benchmarks_dot;3;8448;0.0;1.85465502739;2.20455002785;0.870436906815
benchmarks_dot;4;8448;9.53674316406e-07;1.85473108292;2.20595788956;0.866430044174
benchmarks_dot;5;8448;0.0;1.83464789391;2.18555283546;0.873815059662
benchmarks_dot;6;8448;0.0;1.85468101501;2.20619702339;0.843945980072
benchmarks_dot;7;8448;0.0;1.85640597343;2.22716212273;0.875089883804
benchmarks_dot;8;8448;0.0;1.85479712486;2.20293307304;0.87186217308
benchmarks_dot;9;8448;0.0;1.85660219193;2.20771002769;0.902601957321
benchmarks_dot;0;8576;2.86102294922e-06;1.94050002098;2.97343182564;1.53492808342
benchmarks_dot;1;8576;0.0;1.87677192688;2.26087880135;1.30872392654
benchmarks_dot;2;8576;0.0;1.87592291832;2.25683498383;0.952295064926
benchmarks_dot;3;8576;0.0;1.89488887787;2.2681248188;0.901473045349
benchmarks_dot;4;8576;1.19209289551e-06;1.87462282181;2.24848103523;0.939494132996
benchmarks_dot;5;8576;0.0;1.89472818375;2.26752495766;0.88668179512
benchmarks_dot;6;8576;0.0;1.91489601135;2.28762602806;0.93828701973
benchmarks_dot;7;8576;9.53674316406e-07;1.87465405464;2.24586200714;0.897816896439
benchmarks_dot;8;8576;0.0;1.8947031498;2.27002596855;0.922278881073
benchmarks_dot;9;8576;0.0;1.89467096329;2.24767684937;0.900719881058
benchmarks_dot;0;8704;4.05311584473e-06;2.06049108505;3.13978385925;1.58070993423
benchmarks_dot;1;8704;1.19209289551e-06;2.01737999916;2.4029917717;1.36258482933
benchmarks_dot;2;8704;1.19209289551e-06;2.03640890121;2.428150177;0.974138021469
benchmarks_dot;3;8704;0.0;2.01517891884;2.39439487457;0.928947925568
benchmarks_dot;4;8704;0.0;2.01517510414;2.39236497879;0.958045959473
benchmarks_dot;5;8704;0.0;2.01738595963;2.40522408485;0.973042011261
benchmarks_dot;6;8704;0.0;2.03638482094;2.42502212524;1.00625419617
benchmarks_dot;7;8704;0.0;2.03744506836;2.44247913361;0.920383930206
benchmarks_dot;8;8704;9.53674316406e-07;2.03745508194;2.4259519577;1.00662899017
benchmarks_dot;9;8704;0.0;2.01757001877;2.40700101852;1.00693893433
benchmarks_dot;0;8832;3.09944152832e-06;2.07884001732;3.1671500206;1.61757111549
benchmarks_dot;1;8832;0.0;2.03536200523;2.42181611061;1.35869598389
benchmarks_dot;2;8832;0.0;2.05538797379;2.44098687172;0.953991889954
benchmarks_dot;3;8832;0.0;2.05535507202;2.44112682343;1.00602698326
benchmarks_dot;4;8832;9.53674316406e-07;2.03545594215;2.42033600807;0.960911989212
benchmarks_dot;5;8832;0.0;2.03536605835;2.42104697227;0.96550822258
benchmarks_dot;6;8832;0.0;2.05535888672;2.44156002998;0.959072113037
benchmarks_dot;7;8832;0.0;2.0556409359;2.44110703468;0.965682983398
benchmarks_dot;8;8832;9.53674316406e-07;2.03529715538;2.42111301422;0.93878698349
benchmarks_dot;9;8832;0.0;2.03533911705;2.42054200172;0.940371990204
benchmarks_dot;0;8960;1.90734863281e-06;2.19946289062;3.26252698898;1.56668806076
benchmarks_dot;1;8960;9.53674316406e-07;2.15560603142;2.5605199337;1.41659498215
benchmarks_dot;2;8960;9.53674316406e-07;2.13591504097;2.5394411087;0.967829942703
benchmarks_dot;3;8960;1.19209289551e-06;2.1559419632;2.55821895599;0.967005968094
benchmarks_dot;4;8960;0.0;2.13592600822;2.54087710381;0.967170000076
benchmarks_dot;5;8960;0.0;2.13580393791;2.54214692116;0.95981502533
benchmarks_dot;6;8960;9.53674316406e-07;2.13592219353;2.54072904587;0.966864109039
benchmarks_dot;7;8960;1.19209289551e-06;2.13569688797;2.540143013;0.9672498703
benchmarks_dot;8;8960;0.0;2.13589406013;2.54212498665;0.967341899872
benchmarks_dot;9;8960;0.0;2.15577578545;2.5413839817;0.966073989868
benchmarks_dot;0;9088;1.19209289551e-05;2.19995307922;3.31088089943;1.70660710335
benchmarks_dot;1;9088;0.0;2.17831492424;2.61542797089;1.51259207726
benchmarks_dot;2;9088;9.53674316406e-07;2.17844200134;2.61520600319;1.12293100357
benchmarks_dot;3;9088;9.53674316406e-07;2.19841909409;2.63898706436;1.1180729866
benchmarks_dot;4;9088;9.53674316406e-07;2.17644000053;2.5682489872;0.985759019852
benchmarks_dot;5;9088;0.0;2.17618989944;2.57002091408;0.982277154922
benchmarks_dot;6;9088;0.0;2.17636704445;2.56890821457;1.06197690964
benchmarks_dot;7;9088;1.19209289551e-06;2.17630815506;2.56850004196;1.04262399673
benchmarks_dot;8;9088;0.0;2.17597293854;2.56852507591;1.04130387306
benchmarks_dot;9;9088;9.53674316406e-07;2.17616605759;2.58975291252;0.982480049133
benchmarks_dot;0;9216;3.09944152832e-06;2.34019804001;3.48817920685;1.77067112923
benchmarks_dot;1;9216;0.0;2.29745411873;2.72804903984;1.50546789169
benchmarks_dot;2;9216;9.53674316406e-07;2.29631900787;2.71915006638;1.03900790215
benchmarks_dot;3;9216;9.53674316406e-07;2.29632306099;2.71883797646;1.07903790474
benchmarks_dot;4;9216;1.19209289551e-06;2.29640388489;2.71998000145;1.05611896515
benchmarks_dot;5;9216;1.19209289551e-06;2.31634187698;2.73717403412;1.03466701508
benchmarks_dot;6;9216;9.53674316406e-07;2.31634783745;2.73972821236;1.0341989994
benchmarks_dot;7;9216;9.53674316406e-07;2.31640386581;2.74104690552;1.00929117203
benchmarks_dot;8;9216;9.53674316406e-07;2.33662199974;2.7599170208;1.05539083481
benchmarks_dot;9;9216;0.0;2.29629898071;2.71488189697;1.05640888214
benchmarks_dot;0;9344;3.09944152832e-06;2.36015605927;3.51256799698;1.7936630249
benchmarks_dot;1;9344;9.53674316406e-07;2.31884598732;2.74769997597;1.54950094223
benchmarks_dot;2;9344;9.53674316406e-07;2.33886694908;2.77190303802;1.09600806236
benchmarks_dot;3;9344;1.19209289551e-06;2.33866786957;2.76689791679;1.10273385048
benchmarks_dot;4;9344;0.0;2.31877303123;2.77065205574;1.15428781509
benchmarks_dot;5;9344;9.53674316406e-07;2.31842279434;2.74647021294;1.10267090797
benchmarks_dot;6;9344;0.0;2.31859111786;2.76509094238;1.13881206512
benchmarks_dot;7;9344;9.53674316406e-07;2.3392560482;2.7931599617;1.05108618736
benchmarks_dot;8;9344;1.19209289551e-06;2.31850886345;2.76921701431;1.14448809624
benchmarks_dot;9;9344;9.53674316406e-07;2.31854081154;2.77753305435;1.09148192406
benchmarks_dot;0;9472;3.09944152832e-06;2.4805431366;3.67192101479;1.83632302284
benchmarks_dot;1;9472;9.53674316406e-07;2.41931295395;2.87782788277;1.53727507591
benchmarks_dot;2;9472;9.53674316406e-07;2.41694903374;2.85000896454;1.11641788483
benchmarks_dot;3;9472;0.0;2.43695092201;2.86682891846;1.09504985809
benchmarks_dot;4;9472;9.53674316406e-07;2.4369289875;2.86775898933;1.09441995621
benchmarks_dot;5;9472;0.0;2.41676902771;2.86516094208;1.1349439621
benchmarks_dot;6;9472;0.0;2.43678593636;2.88269495964;1.07731604576
benchmarks_dot;7;9472;0.0;2.43739295006;2.8790640831;1.08353900909
benchmarks_dot;8;9472;9.53674316406e-07;2.45699596405;2.90346193314;1.0944609642
benchmarks_dot;9;9472;0.0;2.45688891411;2.90835094452;1.05274391174
benchmarks_dot;0;9600;3.09944152832e-06;2.52343702316;3.80336380005;1.89607405663
benchmarks_dot;1;9600;9.53674316406e-07;2.4595079422;2.92717790604;1.62267398834
benchmarks_dot;2;9600;1.19209289551e-06;2.4795460701;2.94817996025;1.17152404785
benchmarks_dot;3;9600;0.0;2.4794318676;2.94256305695;1.17131090164
benchmarks_dot;4;9600;1.19209289551e-06;2.4795050621;2.94711685181;1.20845413208
benchmarks_dot;5;9600;0.0;2.47951793671;2.96255803108;1.21065092087
benchmarks_dot;6;9600;9.53674316406e-07;2.47959399223;2.94749093056;1.17076802254
benchmarks_dot;7;9600;9.53674316406e-07;2.47964286804;2.97479605675;1.18651199341
benchmarks_dot;8;9600;0.0;2.47949194908;2.97571802139;1.1983499527
benchmarks_dot;9;9600;9.53674316406e-07;2.47942709923;2.97491407394;1.13186192513
benchmarks_dot;0;9728;3.09944152832e-06;2.684278965;3.96803998947;1.93528103828
benchmarks_dot;1;9728;0.0;2.66055893898;3.15806603432;1.63777112961
benchmarks_dot;2;9728;0.0;2.68071222305;3.15065717697;1.22296905518
benchmarks_dot;3;9728;9.53674316406e-07;2.66044402122;3.15013885498;1.20312309265
benchmarks_dot;4;9728;0.0;2.66037988663;3.13044095039;1.2179980278
benchmarks_dot;5;9728;9.53674316406e-07;2.66040802002;3.13217997551;1.25579881668
benchmarks_dot;6;9728;0.0;2.66048192978;3.13322806358;1.20447707176
benchmarks_dot;7;9728;9.53674316406e-07;2.66048717499;3.13399410248;1.18971896172
benchmarks_dot;8;9728;9.53674316406e-07;2.6602461338;3.1523771286;1.23550486565
benchmarks_dot;9;9728;0.0;2.68060088158;3.15117287636;1.16735887527
benchmarks_dot;0;9856;3.09944152832e-06;2.78445696831;4.05172300339;1.97903203964
benchmarks_dot;1;9856;9.53674316406e-07;2.69987607002;3.18938803673;1.73062300682
benchmarks_dot;2;9856;9.53674316406e-07;2.69779396057;3.16907405853;1.17231988907
benchmarks_dot;3;9856;0.0;2.6977519989;3.16936206818;1.15490007401
benchmarks_dot;4;9856;1.19209289551e-06;2.69811797142;3.1676440239;1.18727397919
benchmarks_dot;5;9856;0.0;2.69818496704;3.16798400879;1.21124601364
benchmarks_dot;6;9856;0.0;2.69779801369;3.16652798653;1.17464399338
benchmarks_dot;7;9856;0.0;2.70150208473;3.1732480526;1.1860640049
benchmarks_dot;8;9856;0.0;2.69782090187;3.16378188133;1.15889286995
benchmarks_dot;9;9856;9.53674316406e-07;2.71789598465;3.18902111053;1.15739488602
benchmarks_dot;0;9984;4.05311584473e-06;2.88475799561;4.18019008636;2.04748082161
benchmarks_dot;1;9984;9.53674316406e-07;2.80109906197;3.30609297752;1.72154998779
benchmarks_dot;2;9984;0.0;2.80097699165;3.32147502899;1.2600979805
benchmarks_dot;3;9984;9.53674316406e-07;2.80079603195;3.30475592613;1.21718192101
benchmarks_dot;4;9984;0.0;2.82129907608;3.32362413406;1.27983283997
benchmarks_dot;5;9984;0.0;2.82138085365;3.33808612823;1.26294112206
benchmarks_dot;6;9984;1.19209289551e-06;2.82119321823;3.32055592537;1.26177096367
benchmarks_dot;7;9984;9.53674316406e-07;2.82110881805;3.32467293739;1.27605319023
benchmarks_dot;8;9984;0.0;2.82116413116;3.34011793137;1.27387809753
benchmarks_dot;9;9984;9.53674316406e-07;2.81888103485;3.31664991379;1.16246700287
benchmarks_dot;0;10112;2.86102294922e-06;2.88396787643;4.1865401268;2.08076310158
benchmarks_dot;1;10112;9.53674316406e-07;2.8414721489;3.3461329937;1.79949498177
benchmarks_dot;2;10112;9.53674316406e-07;2.88121414185;3.41536211967;1.34031391144
benchmarks_dot;3;10112;0.0;2.86133599281;3.37233400345;1.27633714676
benchmarks_dot;4;10112;0.0;2.8614320755;3.36330294609;1.34529590607
benchmarks_dot;5;10112;9.53674316406e-07;2.86133503914;3.3683989048;1.34237504005
benchmarks_dot;6;10112;0.0;2.86160087585;3.3755300045;1.31465888023
benchmarks_dot;7;10112;0.0;2.86173987389;3.37361001968;1.23205018044
benchmarks_dot;8;10112;9.53674316406e-07;2.84134888649;3.34785604477;1.30481696129
benchmarks_dot;9;10112;0.0;2.84126210213;3.37773609161;1.27551388741
benchmarks_dot;0;10240;1.90734863281e-06;3.72756886482;5.05290818214;2.14111280441
benchmarks_dot;1;10240;0.0;3.70558595657;4.21525287628;1.82879781723
benchmarks_dot;2;10240;0.0;3.74587106705;4.25929903984;1.32308292389
benchmarks_dot;3;10240;9.53674316406e-07;3.72571086884;4.23969912529;1.37001180649
benchmarks_dot;4;10240;0.0;3.72557091713;4.23955893517;1.38844013214
benchmarks_dot;5;10240;0.0;3.72559309006;4.25489711761;1.34527802467
benchmarks_dot;6;10240;9.53674316406e-07;3.72560310364;4.25677609444;1.34677481651
benchmarks_dot;7;10240;9.53674316406e-07;3.70571398735;4.2153468132;1.33327198029
benchmarks_dot;8;10240;9.53674316406e-07;3.72562885284;4.25601601601;1.27550506592
benchmarks_dot;9;10240;1.19209289551e-06;3.70582294464;4.23982906342;1.32727003098
benchmarks_dot;0;10368;1.09672546387e-05;3.08409881592;4.43632006645;2.17903399467
benchmarks_dot;1;10368;0.0;3.0628888607;3.58343887329;1.89122891426
benchmarks_dot;2;10368;9.53674316406e-07;3.06269907951;3.59452605247;1.41437196732
benchmarks_dot;3;10368;0.0;3.04244685173;3.53206300735;1.40638303757
benchmarks_dot;4;10368;0.0;3.06260585785;3.59269809723;1.4083969593
benchmarks_dot;5;10368;1.19209289551e-06;3.05963397026;3.56893014908;1.26339197159
benchmarks_dot;6;10368;9.53674316406e-07;3.05989003181;3.5739030838;1.27743387222
benchmarks_dot;7;10368;0.0;3.05985999107;3.56813287735;1.29506421089
benchmarks_dot;8;10368;0.0;3.05947494507;3.52029109001;1.35135698318
benchmarks_dot;9;10368;0.0;3.03944802284;3.54997110367;1.27232694626
benchmarks_dot;0;10496;3.09944152832e-06;3.2074201107;4.57445693016;2.23565101624
benchmarks_dot;1;10496;9.53674316406e-07;3.1632900238;3.69776797295;1.98822617531
benchmarks_dot;2;10496;0.0;3.16302585602;3.7201590538;1.48324799538
benchmarks_dot;3;10496;0.0;3.16259002686;3.69963812828;1.36104512215
benchmarks_dot;4;10496;9.53674316406e-07;3.16293001175;3.68622398376;1.40611004829
benchmarks_dot;5;10496;9.53674316406e-07;3.16316008568;3.72195005417;1.43303799629
benchmarks_dot;6;10496;1.19209289551e-06;3.16329503059;3.69842791557;1.3411090374
benchmarks_dot;7;10496;1.19209289551e-06;3.16330885887;3.71990299225;1.44652605057
benchmarks_dot;8;10496;9.53674316406e-07;3.16325998306;3.69654297829;1.37056398392
benchmarks_dot;9;10496;9.53674316406e-07;3.16342186928;3.72059988976;1.38837003708
benchmarks_dot;0;10624;2.14576721191e-06;3.30751490593;4.74630403519;2.29321908951
benchmarks_dot;1;10624;9.53674316406e-07;3.22055196762;3.7748799324;2.05588984489
benchmarks_dot;2;10624;0.0;3.22356700897;3.80515193939;1.38331508636
benchmarks_dot;3;10624;9.53674316406e-07;3.2234120369;3.77569103241;1.37013602257
benchmarks_dot;4;10624;0.0;3.24314808846;3.82165694237;1.47372293472
benchmarks_dot;5;10624;0.0;3.24355602264;3.79455113411;1.43965911865
benchmarks_dot;6;10624;9.53674316406e-07;3.22318220139;3.77462005615;1.43618702888
benchmarks_dot;7;10624;0.0;3.22322106361;3.77528786659;1.38794612885
benchmarks_dot;8;10624;0.0;3.22324085236;3.77124190331;1.43925094604
benchmarks_dot;9;10624;9.53674316406e-07;3.24330401421;3.8184928894;1.39496898651
benchmarks_dot;0;10752;3.09944152832e-06;3.42819499969;4.86034011841;2.34726500511
benchmarks_dot;1;10752;0.0;3.3841779232;3.97374081612;2.08737301826
benchmarks_dot;2;10752;9.53674316406e-07;3.38400316238;3.96967291832;1.46466612816
benchmarks_dot;3;10752;0.0;3.38403987885;3.97008514404;1.47118091583
benchmarks_dot;4;10752;0.0;3.40391111374;3.98657894135;1.4625120163
benchmarks_dot;5;10752;9.53674316406e-07;3.38404297829;3.96651816368;1.47775793076
benchmarks_dot;6;10752;9.53674316406e-07;3.38392901421;3.96661186218;1.42844891548
benchmarks_dot;7;10752;9.53674316406e-07;3.40399193764;3.98568511009;1.45843291283
benchmarks_dot;8;10752;0.0;3.40308117867;3.9809679985;1.42439508438
benchmarks_dot;9;10752;9.53674316406e-07;3.40423202515;3.97293686867;1.38035106659
benchmarks_dot;0;10880;3.09944152832e-06;3.48810219765;4.93347001076;2.38255500793
benchmarks_dot;1;10880;9.53674316406e-07;3.44433999062;4.02875709534;2.12543416023
benchmarks_dot;2;10880;0.0;3.44408512115;4.02822899818;1.49034786224
benchmarks_dot;3;10880;0.0;3.4442718029;4.02789902687;1.49433302879
benchmarks_dot;4;10880;0.0;3.44432997704;4.02911090851;1.51789784431
benchmarks_dot;5;10880;9.53674316406e-07;3.4243350029;4.02346301079;1.45289492607
benchmarks_dot;6;10880;1.19209289551e-06;3.44425415993;4.02502799034;1.48901700974
benchmarks_dot;7;10880;0.0;3.4040222168;3.98563599586;1.46888780594
benchmarks_dot;8;10880;9.53674316406e-07;3.4239988327;4.01194190979;1.42457389832
benchmarks_dot;9;10880;9.53674316406e-07;3.44411206245;4.04146099091;1.4726421833
benchmarks_dot;0;11008;8.82148742676e-06;3.60863399506;5.06644511223;2.44143795967
benchmarks_dot;1;11008;9.53674316406e-07;3.56460905075;4.17448496819;2.07719111443
benchmarks_dot;2;11008;0.0;3.58326506615;4.16930890083;1.56964087486
benchmarks_dot;3;11008;9.53674316406e-07;3.56181192398;4.14956092834;1.4409430027
benchmarks_dot;4;11008;9.53674316406e-07;3.58154201508;4.17123794556;1.44192194939
benchmarks_dot;5;11008;9.53674316406e-07;3.58158111572;4.15122103691;1.51748800278
benchmarks_dot;6;11008;9.53674316406e-07;3.56195878983;4.1518611908;1.44092988968
benchmarks_dot;7;11008;9.53674316406e-07;3.58176803589;4.16773486137;1.47673082352
benchmarks_dot;8;11008;0.0;3.56176900864;4.14271211624;1.43968701363
benchmarks_dot;9;11008;0.0;3.58162784576;4.09100008011;1.36475086212
benchmarks_dot;0;11136;2.86102294922e-06;3.66907811165;5.17999482155;2.51209402084
benchmarks_dot;1;11136;9.53674316406e-07;3.64158678055;4.22815012932;2.14664101601
benchmarks_dot;2;11136;0.0;3.6418428421;4.23403000832;1.45301699638
benchmarks_dot;3;11136;9.53674316406e-07;3.64143490791;4.25919103622;1.51348209381
benchmarks_dot;4;11136;1.09672546387e-05;3.64145898819;4.2579460144;1.49810290337
benchmarks_dot;5;11136;0.0;3.64138793945;4.25627398491;1.45459103584
benchmarks_dot;6;11136;0.0;3.64140295982;4.20792794228;1.5142519474
benchmarks_dot;7;11136;1.12056732178e-05;3.64163303375;4.23267602921;1.48315477371
benchmarks_dot;8;11136;9.53674316406e-07;3.62127900124;4.21194410324;1.50802922249
benchmarks_dot;9;11136;0.0;3.64154601097;4.23647212982;1.4511961937
benchmarks_dot;0;11264;3.09944152832e-06;3.94696092606;5.48438811302;2.56575584412
benchmarks_dot;1;11264;9.53674316406e-07;3.80636501312;4.41251802444;2.16107296944
benchmarks_dot;2;11264;9.53674316406e-07;3.80600786209;4.41740298271;1.61358213425
benchmarks_dot;3;11264;0.0;3.78626894951;4.4168548584;1.58904290199
benchmarks_dot;4;11264;0.0;3.78637194633;4.41792917252;1.64387512207
benchmarks_dot;5;11264;0.0;3.80613708496;4.4302110672;1.5771420002
benchmarks_dot;6;11264;9.53674316406e-07;3.78584694862;4.41379094124;1.57521486282
benchmarks_dot;7;11264;0.0;3.78581285477;4.41754293442;1.61716604233
benchmarks_dot;8;11264;0.0;3.80614304543;4.43676710129;1.57636499405
benchmarks_dot;9;11264;9.53674316406e-07;3.78622412682;4.41481399536;1.59453105927
benchmarks_dot;0;11392;1.09672546387e-05;3.87081289291;5.52165007591;2.61471390724
benchmarks_dot;1;11392;0.0;3.84709095955;4.47343802452;2.29225516319
benchmarks_dot;2;11392;9.53674316406e-07;3.82631111145;4.45351099968;1.65372204781
benchmarks_dot;3;11392;0.0;3.84281587601;4.46727585793;1.55476999283
benchmarks_dot;4;11392;0.0;3.82272720337;4.44964408875;1.59845995903
benchmarks_dot;5;11392;9.53674316406e-07;3.82277798653;4.43110799789;1.51467514038
benchmarks_dot;6;11392;9.53674316406e-07;3.82275009155;4.44981789589;1.5977909565
benchmarks_dot;7;11392;0.0;3.82240104675;4.45061206818;1.51661396027
benchmarks_dot;8;11392;9.53674316406e-07;3.82262992859;4.44898796082;1.51829314232
benchmarks_dot;9;11392;0.0;3.84251308441;4.46646904945;1.55380582809
benchmarks_dot;0;11520;9.05990600586e-06;4.01077985764;5.6451189518;2.68862199783
benchmarks_dot;1;11520;0.0;3.98300695419;4.62706208229;2.3349211216
benchmarks_dot;2;11520;9.53674316406e-07;3.98302698135;4.60905718803;1.67410492897
benchmarks_dot;3;11520;0.0;3.98324489594;4.61375021935;1.58752298355
benchmarks_dot;4;11520;0.0;3.98318505287;4.61300396919;1.64350795746
benchmarks_dot;5;11520;0.0;3.98345804214;4.61197495461;1.62586116791
benchmarks_dot;6;11520;0.0;3.96330213547;4.59302401543;1.56525802612
benchmarks_dot;7;11520;0.0;3.9829428196;4.6096971035;1.56333780289
benchmarks_dot;8;11520;1.19209289551e-06;3.98296999931;4.61402392387;1.56159710884
benchmarks_dot;9;11520;0.0;3.98300290108;4.61154484749;1.56347608566
benchmarks_dot;0;11648;2.86102294922e-06;4.19198298454;5.83435583115;2.76689195633
benchmarks_dot;1;11648;0.0;4.10735678673;4.7792930603;2.37258982658
benchmarks_dot;2;11648;0.0;4.12328505516;4.77568602562;1.60719895363
benchmarks_dot;3;11648;0.0;4.10317993164;4.73421788216;1.59660387039
benchmarks_dot;4;11648;9.53674316406e-07;4.12352705002;4.78621602058;1.6694521904
benchmarks_dot;5;11648;0.0;4.12341189384;4.78752779961;1.62558794022
benchmarks_dot;6;11648;9.53674316406e-07;4.14342999458;4.80578613281;1.64434909821
benchmarks_dot;7;11648;9.53674316406e-07;4.14356184006;4.8071308136;1.62953186035
benchmarks_dot;8;11648;9.53674316406e-07;4.10325407982;4.76413488388;1.62893199921
benchmarks_dot;9;11648;0.0;4.12350893021;4.78425192833;1.6299328804
benchmarks_dot;0;11776;2.86102294922e-06;4.34893417358;5.98972010612;2.81196308136
benchmarks_dot;1;11776;0.0;4.32409906387;4.9864089489;2.37891793251
benchmarks_dot;2;11776;0.0;4.30398178101;4.96762990952;1.67142391205
benchmarks_dot;3;11776;0.0;4.3040561676;4.96734905243;1.66971993446
benchmarks_dot;4;11776;0.0;4.30401110649;4.96898794174;1.70946598053
benchmarks_dot;5;11776;0.0;4.34429907799;5.01105093956;1.63906788826
benchmarks_dot;6;11776;0.0;4.32418608665;4.98763513565;1.66365790367
benchmarks_dot;7;11776;0.0;4.32396817207;4.98483514786;1.66840791702
benchmarks_dot;8;11776;9.53674316406e-07;4.30390501022;4.96722602844;1.67076396942
benchmarks_dot;9;11776;1.09672546387e-05;4.32396697998;4.9879219532;1.64865708351
benchmarks_dot;0;11904;3.09944152832e-06;4.3702249527;6.06556606293;2.868901968
benchmarks_dot;1;11904;1.19209289551e-06;4.34431004524;5.01433801651;2.42894077301
benchmarks_dot;2;11904;9.53674316406e-07;4.34431505203;5.01302695274;1.6814661026
benchmarks_dot;3;11904;9.53674316406e-07;4.32394480705;4.99728798866;1.72113084793
benchmarks_dot;4;11904;0.0;4.36411118507;5.03590607643;1.7236521244
benchmarks_dot;5;11904;0.0;4.34404706955;5.03474617004;1.68804597855
benchmarks_dot;6;11904;0.0;4.32394385338;4.99557900429;1.68276596069
benchmarks_dot;7;11904;0.0;4.32833886147;5.01972699165;1.68702292442
benchmarks_dot;8;11904;9.53674316406e-07;4.34872603416;5.02847099304;1.70276093483
benchmarks_dot;9;11904;9.53674316406e-07;4.34856820107;5.06606602669;1.74477100372
benchmarks_dot;0;12032;2.86102294922e-06;4.55061793327;6.25725317001;2.9540169239
benchmarks_dot;1;12032;1.19209289551e-06;4.50964403152;5.23276805878;2.50453495979
benchmarks_dot;2;12032;1.19209289551e-06;4.53003716469;5.25037789345;1.81082701683
benchmarks_dot;3;12032;0.0;4.5299680233;5.23792695999;1.80231714249
benchmarks_dot;4;12032;0.0;4.50957918167;5.21382403374;1.82747507095
benchmarks_dot;5;12032;0.0;4.50964212418;5.23454093933;1.80704712868
benchmarks_dot;6;12032;9.53674316406e-07;4.50983309746;5.23152208328;1.78066587448
benchmarks_dot;7;12032;9.53674316406e-07;4.52996397018;5.25376701355;1.80430603027
benchmarks_dot;8;12032;9.53674316406e-07;4.50975108147;5.23483181;1.77780008316
benchmarks_dot;9;12032;9.53674316406e-07;4.50987005234;5.21902704239;1.74635410309
benchmarks_dot;0;12160;1.00135803223e-05;4.69129991531;6.44102096558;2.97804498672
benchmarks_dot;1;12160;1.19209289551e-06;4.58569502831;5.28217101097;2.62972307205
benchmarks_dot;2;12160;1.19209289551e-06;4.5855910778;5.28566884995;1.75302815437
benchmarks_dot;3;12160;0.0;4.6056368351;5.32626104355;1.83115696907
benchmarks_dot;4;12160;9.53674316406e-07;4.58569216728;5.28595590591;1.75300121307
benchmarks_dot;5;12160;1.19209289551e-06;4.60574483871;5.30401587486;1.7777261734
benchmarks_dot;6;12160;9.53674316406e-07;4.58551096916;5.27885890007;1.74555897713
benchmarks_dot;7;12160;0.0;4.58548808098;5.28740596771;1.74694299698
benchmarks_dot;8;12160;9.53674316406e-07;4.58552885056;5.28713488579;1.74643397331
benchmarks_dot;9;12160;9.53674316406e-07;4.58563184738;5.29349994659;1.76136803627
benchmarks_dot;0;12288;2.86102294922e-06;6.83917188644;8.62662982941;3.05639004707
benchmarks_dot;1;12288;0.0;6.83367800713;7.56439399719;2.57329916954
benchmarks_dot;2;12288;0.0;6.81340909004;7.52749800682;1.80573606491
benchmarks_dot;3;12288;0.0;6.81337881088;7.52259206772;1.80166602135
benchmarks_dot;4;12288;9.53674316406e-07;6.8135509491;7.52224302292;1.79005503654
benchmarks_dot;5;12288;9.53674316406e-07;6.79342508316;7.50172710419;1.80373597145
benchmarks_dot;6;12288;1.19209289551e-06;6.79362797737;7.50322413445;1.77999305725
benchmarks_dot;7;12288;0.0;6.83382606506;7.5249350071;1.79230594635
benchmarks_dot;8;12288;0.0;6.81585597992;7.52458500862;1.78349685669
benchmarks_dot;9;12288;0.0;6.82025194168;7.53314399719;1.79504203796
benchmarks_dot;0;12416;2.14576721191e-06;4.85428714752;6.64790797234;3.10705590248
benchmarks_dot;1;12416;9.53674316406e-07;4.83172106743;5.57917690277;2.68542385101
benchmarks_dot;2;12416;1.19209289551e-06;4.85109901428;5.61703801155;1.93129014969
benchmarks_dot;3;12416;9.53674316406e-07;4.83110499382;5.57083702087;1.83725094795
benchmarks_dot;4;12416;0.0;4.83059406281;5.57422304153;1.97793388367
benchmarks_dot;5;12416;0.0;4.83085298538;5.59043002129;1.91279101372
benchmarks_dot;6;12416;1.90734863281e-06;4.83072710037;5.57452487946;1.93933105469
benchmarks_dot;7;12416;0.0;4.83116412163;5.57221388817;1.87337899208
benchmarks_dot;8;12416;0.0;4.810806036;5.57058620453;1.91258001328
benchmarks_dot;9;12416;0.0;4.85103297234;5.59095692635;1.94554400444
benchmarks_dot;0;12544;2.86102294922e-06;5.03527593613;6.85728192329;3.16575407982
benchmarks_dot;1;12544;1.19209289551e-06;5.00667500496;5.74938797951;2.69913196564
benchmarks_dot;2;12544;9.53674316406e-07;5.00684499741;5.73207902908;1.8725938797
benchmarks_dot;3;12544;9.53674316406e-07;5.00659894943;5.76917910576;1.86294317245
benchmarks_dot;4;12544;0.0;5.00684809685;5.75320911407;1.84282708168
benchmarks_dot;5;12544;9.53674316406e-07;5.02656888962;5.79102897644;1.8565261364
benchmarks_dot;6;12544;9.53674316406e-07;5.00661802292;5.73719096184;1.8753721714
benchmarks_dot;7;12544;0.0;5.00664997101;5.75405883789;1.87613511086
benchmarks_dot;8;12544;0.0;5.02652907372;5.77112102509;1.87567400932
benchmarks_dot;9;12544;0.0;5.02681899071;5.7718269825;1.87567305565
benchmarks_dot;0;12672;3.09944152832e-06;5.49096107483;7.35957503319;3.2422709465
benchmarks_dot;1;12672;0.0;5.08687996864;5.83583712578;2.72758793831
benchmarks_dot;2;12672;0.0;5.10694599152;5.87517094612;1.86052298546
benchmarks_dot;3;12672;0.0;5.08707404137;5.84939289093;1.88770008087
benchmarks_dot;4;12672;0.0;5.08688616753;5.85144805908;1.91528010368
benchmarks_dot;5;12672;0.0;5.08703517914;5.85050702095;1.90761303902
benchmarks_dot;6;12672;0.0;5.10713601112;5.85932707787;1.86582589149
benchmarks_dot;7;12672;0.0;5.08725404739;5.83682489395;1.89549398422
benchmarks_dot;8;12672;9.53674316406e-07;5.10717105865;5.85864305496;1.88622283936
benchmarks_dot;9;12672;9.53674316406e-07;5.10726904869;5.85578083992;1.88982200623
benchmarks_dot;0;12800;3.09944152832e-06;5.33492016792;7.19981098175;3.30036091805
benchmarks_dot;1;12800;0.0;5.31356787682;6.08943009377;2.75398087502
benchmarks_dot;2;12800;9.53674316406e-07;5.31294894218;6.09346914291;1.97164583206
benchmarks_dot;3;12800;1.19209289551e-06;5.31302022934;6.11052012444;2.01242589951
benchmarks_dot;4;12800;0.0;5.31330513954;6.09308791161;2.03272390366
benchmarks_dot;5;12800;9.53674316406e-07;5.31316900253;6.09834694862;1.98501396179
benchmarks_dot;6;12800;9.53674316406e-07;5.31327104568;6.09726786613;2.04203510284
benchmarks_dot;7;12800;9.53674316406e-07;5.31318092346;6.11124587059;2.02706289291
benchmarks_dot;8;12800;1.19209289551e-06;5.31331396103;6.08930182457;1.93921709061
benchmarks_dot;9;12800;1.19209289551e-06;5.3128759861;6.09348392487;2.03284811974
benchmarks_dot;0;12928;3.81469726562e-06;5.39293217659;7.30169200897;3.37563800812
benchmarks_dot;1;12928;0.0;5.36866784096;6.15304684639;2.84700512886
benchmarks_dot;2;12928;0.0;5.34791493416;6.13323092461;1.98328399658
benchmarks_dot;3;12928;0.0;5.36806607246;6.15243697166;2.00358986855
benchmarks_dot;4;12928;0.0;5.36841797829;6.16957187653;1.99971580505
benchmarks_dot;5;12928;0.0;5.36801505089;6.15443587303;2.00249481201
benchmarks_dot;6;12928;0.0;5.36797809601;6.15681385994;1.96421504021
benchmarks_dot;7;12928;9.53674316406e-07;5.36784219742;6.15219211578;1.96918201447
benchmarks_dot;8;12928;9.53674316406e-07;5.36805415154;6.15118813515;1.99227690697
benchmarks_dot;9;12928;0.0;5.36824798584;6.16827297211;1.96677112579
benchmarks_dot;0;13056;3.09944152832e-06;5.63868498802;7.64628601074;3.4276740551
benchmarks_dot;1;13056;9.53674316406e-07;5.57427215576;6.38661599159;2.85161089897
benchmarks_dot;2;13056;9.53674316406e-07;5.57445216179;6.36772108078;2.03614091873
benchmarks_dot;3;13056;9.53674316406e-07;5.56877112389;6.37803697586;2.03578686714
benchmarks_dot;4;13056;1.12056732178e-05;5.58902597427;6.39459490776;2.03482818604
benchmarks_dot;5;13056;0.0;5.57443499565;6.36851191521;2.06215381622
benchmarks_dot;6;13056;1.19209289551e-06;5.57408618927;6.38592910767;2.06126999855
benchmarks_dot;7;13056;0.0;5.57458496094;6.36452007294;1.98777294159
benchmarks_dot;8;13056;0.0;5.59445905685;6.41367697716;2.12246608734
benchmarks_dot;9;13056;2.14576721191e-06;5.57474398613;6.3857831955;2.07592701912
benchmarks_dot;0;13184;2.86102294922e-06;5.65872597694;7.63913798332;3.49190092087
benchmarks_dot;1;13184;9.53674316406e-07;5.60909605026;6.42710709572;2.92185401917
benchmarks_dot;2;13184;0.0;5.62888288498;6.42090702057;2.05538606644
benchmarks_dot;3;13184;9.53674316406e-07;5.62901687622;6.4436788559;2.05142307281
benchmarks_dot;4;13184;0.0;5.60882306099;6.41862010956;2.07193493843
benchmarks_dot;5;13184;0.0;5.64894390106;6.44210100174;2.07081699371
benchmarks_dot;6;13184;0.0;5.64894795418;6.46019887924;2.04655313492
benchmarks_dot;7;13184;0.0;5.6290140152;6.43786597252;2.05616593361
benchmarks_dot;8;13184;0.0;5.6289229393;6.43935799599;2.0539560318
benchmarks_dot;9;13184;9.53674316406e-07;5.64907288551;6.46044301987;2.0554997921
benchmarks_dot;0;13312;3.09944152832e-06;5.8991420269;7.92467999458;3.56539916992
benchmarks_dot;1;13312;9.53674316406e-07;5.85588002205;6.71241188049;3.13834190369
benchmarks_dot;2;13312;9.53674316406e-07;5.87638616562;6.74758696556;2.17533516884
benchmarks_dot;3;13312;9.53674316406e-07;5.89602208138;6.72778296471;2.09015607834
benchmarks_dot;4;13312;0.0;5.89646100998;6.73210787773;2.22772192955
benchmarks_dot;5;13312;9.53674316406e-07;5.89632296562;6.72800302505;2.15718507767
benchmarks_dot;6;13312;1.19209289551e-06;5.89621591568;6.73017978668;2.18345403671
benchmarks_dot;7;13312;9.53674316406e-07;5.89583992958;6.7279510498;2.22802400589
benchmarks_dot;8;13312;0.0;5.87580394745;6.71159100533;2.17388892174
benchmarks_dot;9;13312;9.53674316406e-07;5.8758289814;6.74872207642;2.19360494614
benchmarks_dot;0;13440;3.81469726562e-06;6.19550395012;8.26503801346;3.64859294891
benchmarks_dot;1;13440;9.53674316406e-07;5.93054294586;6.78863406181;3.08755016327
benchmarks_dot;2;13440;9.53674316406e-07;5.93030405045;6.78845310211;2.19758796692
benchmarks_dot;3;13440;0.0;5.91029405594;6.7472448349;2.15758895874
benchmarks_dot;4;13440;0.0;5.90996384621;6.74582195282;2.15740084648
benchmarks_dot;5;13440;9.53674316406e-07;5.89017486572;6.72463321686;2.17870783806
benchmarks_dot;6;13440;9.53674316406e-07;5.91042900085;6.7465069294;2.13471508026
benchmarks_dot;7;13440;1.19209289551e-06;5.90997314453;6.7429420948;2.14036107063
benchmarks_dot;8;13440;0.0;5.91003489494;6.76456999779;2.16903996468
benchmarks_dot;9;13440;0.0;5.91018009186;6.76670408249;2.15515995026
benchmarks_dot;0;13568;2.86102294922e-06;6.37982487679;8.47172117233;3.67699790001
benchmarks_dot;1;13568;0.0;6.19801688194;7.12524485588;3.08176612854
benchmarks_dot;2;13568;0.0;6.19799184799;7.08612108231;2.27881789207
benchmarks_dot;3;13568;0.0;6.19774603844;7.07834386826;2.23999881744
benchmarks_dot;4;13568;9.53674316406e-07;6.2180390358;7.07284879684;2.21847486496
benchmarks_dot;5;13568;0.0;6.21812200546;7.10202217102;2.18497896194
benchmarks_dot;6;13568;0.0;6.21825909615;7.10459399223;2.19903993607
benchmarks_dot;7;13568;9.53674316406e-07;6.21837496758;7.10436487198;2.20221710205
benchmarks_dot;8;13568;0.0;6.19834303856;7.12111210823;2.2008600235
benchmarks_dot;9;13568;9.53674316406e-07;6.218116045;7.10342288017;2.19853401184
benchmarks_dot;0;13696;1.90734863281e-06;6.339594841;8.42841815948;3.75916790962
benchmarks_dot;1;13696;0.0;6.29806303978;7.19547700882;3.28819322586
benchmarks_dot;2;13696;9.53674316406e-07;6.31814789772;7.19287180901;2.30982303619
benchmarks_dot;3;13696;9.53674316406e-07;6.31835913658;7.21741294861;2.26270699501
benchmarks_dot;4;13696;9.53674316406e-07;6.29803800583;7.19861602783;2.31677293777
benchmarks_dot;5;13696;9.53674316406e-07;6.29790496826;7.1725320816;2.26640200615
benchmarks_dot;6;13696;1.90734863281e-06;6.29790616035;7.17334294319;2.26588511467
benchmarks_dot;7;13696;0.0;6.29788517952;7.18423104286;2.26579999924
benchmarks_dot;8;13696;9.53674316406e-07;6.31798601151;7.20922899246;2.30621314049
benchmarks_dot;9;13696;9.53674316406e-07;6.31814694405;7.19194698334;2.21173501015
benchmarks_dot;0;13824;3.09944152832e-06;6.58299994469;8.72341513634;3.82476115227
benchmarks_dot;1;13824;0.0;6.53916287422;7.44244217873;3.28031492233
benchmarks_dot;2;13824;9.53674316406e-07;6.55924201012;7.46541213989;2.36179685593
benchmarks_dot;3;13824;9.53674316406e-07;6.55933403969;7.46302199364;2.34962487221
benchmarks_dot;4;13824;9.53674316406e-07;6.55921292305;7.47648000717;2.32340097427
benchmarks_dot;5;13824;0.0;6.53950190544;7.43147993088;2.36222290993
benchmarks_dot;6;13824;9.53674316406e-07;6.55889081955;7.47743296623;2.35749197006
benchmarks_dot;7;13824;1.19209289551e-06;6.55945301056;7.44368195534;2.36111807823
benchmarks_dot;8;13824;0.0;6.53919196129;7.41473698616;2.35118508339
benchmarks_dot;9;13824;0.0;6.55931377411;7.47867178917;2.35236978531
benchmarks_dot;0;13952;3.09944152832e-06;6.6632361412;8.83199596405;3.90260505676
benchmarks_dot;1;13952;1.19209289551e-06;6.66011977196;7.5718460083;3.33727884293
benchmarks_dot;2;13952;9.53674316406e-07;6.61947011948;7.53394508362;2.38217401505
benchmarks_dot;3;13952;9.53674316406e-07;6.61957097054;7.5391228199;2.35677218437
benchmarks_dot;4;13952;0.0;6.61973810196;7.53400802612;2.39627099037
benchmarks_dot;5;13952;1.19209289551e-06;6.63993287086;7.55744981766;2.42462491989
benchmarks_dot;6;13952;0.0;6.63991904259;7.59875702858;2.43174505234
benchmarks_dot;7;13952;0.0;6.63982915878;7.55663609505;2.36082816124
benchmarks_dot;8;13952;9.53674316406e-07;6.63996982574;7.55296802521;2.32157111168
benchmarks_dot;9;13952;0.0;6.63971590996;7.55058598518;2.34553289413
benchmarks_dot;0;14080;3.09944152832e-06;7.32705903053;9.52751898766;3.97474002838
benchmarks_dot;1;14080;0.0;6.82105994225;7.75947022438;3.44367098808
benchmarks_dot;2;14080;9.53674316406e-07;6.8408229351;7.75356316566;2.44259810448
benchmarks_dot;3;14080;9.53674316406e-07;6.84085416794;7.75631403923;2.43540787697
benchmarks_dot;4;14080;0.0;6.84067177773;7.76979494095;2.44131183624
benchmarks_dot;5;14080;9.53674316406e-07;6.81362080574;7.7322499752;2.35896992683
benchmarks_dot;6;14080;9.53674316406e-07;6.83372616768;7.75930023193;2.39427185059
benchmarks_dot;7;14080;9.53674316406e-07;6.83396983147;7.73110890388;2.31495594978
benchmarks_dot;8;14080;0.0;6.83393001556;7.75591015816;2.42312717438
benchmarks_dot;9;14080;0.0;6.83372092247;7.75432705879;2.33820414543
benchmarks_dot;0;14208;2.86102294922e-06;7.22399806976;9.43308997154;4.04044485092
benchmarks_dot;1;14208;9.53674316406e-07;6.94139909744;7.88469600677;3.48103904724
benchmarks_dot;2;14208;0.0;6.93387699127;7.87314605713;2.38689899445
benchmarks_dot;3;14208;9.53674316406e-07;6.94094705582;7.90509915352;2.40466713905
benchmarks_dot;4;14208;0.0;6.94212198257;7.90960383415;2.40637111664
benchmarks_dot;5;14208;0.0;6.96115708351;7.91388297081;2.43949985504
benchmarks_dot;6;14208;9.53674316406e-07;6.94038295746;7.88357901573;2.40244889259
benchmarks_dot;7;14208;9.53674316406e-07;6.9409570694;7.8891890049;2.47447896004
benchmarks_dot;8;14208;9.53674316406e-07;6.94087004662;7.87637495995;2.4805290699
benchmarks_dot;9;14208;9.53674316406e-07;6.94096302986;7.87637090683;2.43849921227
benchmarks_dot;0;14336;2.86102294922e-06;9.37443304062;11.6403360367;4.10230898857
benchmarks_dot;1;14336;9.53674316406e-07;9.25242996216;10.2169730663;3.52112388611
benchmarks_dot;2;14336;0.0;9.25244212151;10.219851017;2.5120818615
benchmarks_dot;3;14336;0.0;9.27250003815;10.2365889549;2.51987504959
benchmarks_dot;4;14336;0.0;9.25216698647;10.204777956;2.45313191414
benchmarks_dot;5;14336;9.53674316406e-07;9.27249097824;10.2218620777;2.43849182129
benchmarks_dot;6;14336;1.19209289551e-06;9.25240898132;10.2055368423;2.48934102058
benchmarks_dot;7;14336;1.19209289551e-06;9.25219392776;10.2038531303;2.4976348877
benchmarks_dot;8;14336;9.53674316406e-07;9.27201700211;10.2211477757;2.49703407288
benchmarks_dot;9;14336;0.0;9.27304911613;10.225840807;2.44581389427
benchmarks_dot;0;14464;3.09944152832e-06;7.32044816017;9.62975215912;4.17410087585
benchmarks_dot;1;14464;0.0;7.27520012856;8.23154497147;3.55803084373
benchmarks_dot;2;14464;9.53674316406e-07;7.27549695969;8.2489528656;2.49065709114
benchmarks_dot;3;14464;0.0;7.25520515442;8.22177791595;2.47703099251
benchmarks_dot;4;14464;0.0;7.27520394325;8.2250790596;2.4582631588
benchmarks_dot;5;14464;1.19209289551e-06;7.2753610611;8.22853899002;2.42972111702
benchmarks_dot;6;14464;9.53674316406e-07;7.2955160141;8.26895499229;2.44403886795
benchmarks_dot;7;14464;9.53674316406e-07;7.25523996353;8.22551107407;2.47279000282
benchmarks_dot;8;14464;9.53674316406e-07;7.29528999329;8.26601004601;2.45308589935
benchmarks_dot;9;14464;0.0;7.27515506744;8.24756789207;2.43838787079
benchmarks_dot;0;14592;3.09944152832e-06;7.54687094688;9.89123010635;4.26788592339
benchmarks_dot;1;14592;9.53674316406e-07;7.52370285988;8.50966000557;3.69250106812
benchmarks_dot;2;14592;1.19209289551e-06;7.52403616905;8.51367402077;2.5908138752
benchmarks_dot;3;14592;0.0;7.54675483704;8.52873206139;2.6089630127
benchmarks_dot;4;14592;9.53674316406e-07;7.54437303543;8.52901411057;2.59565091133
benchmarks_dot;5;14592;9.53674316406e-07;7.52336287498;8.50451207161;2.57729887962
benchmarks_dot;6;14592;9.53674316406e-07;7.52372789383;8.50568008423;2.58655309677
benchmarks_dot;7;14592;0.0;7.54352807999;8.52351713181;2.57674789429
benchmarks_dot;8;14592;9.53674316406e-07;7.53631591797;8.50948381424;2.4941368103
benchmarks_dot;9;14592;9.53674316406e-07;7.53620004654;8.51142501831;2.45497393608
benchmarks_dot;0;14720;3.09944152832e-06;7.66268205643;10.0375378132;4.32615399361
benchmarks_dot;1;14720;0.0;7.61648392677;8.60886287689;3.64169192314
benchmarks_dot;2;14720;1.19209289551e-06;7.62427306175;8.64299511909;2.55657291412
benchmarks_dot;3;14720;9.53674316406e-07;7.64469909668;8.61640691757;2.61712098122
benchmarks_dot;4;14720;0.0;7.62470602989;8.62093019485;2.67237997055
benchmarks_dot;5;14720;9.53674316406e-07;7.60418510437;8.61616396904;2.67038989067
benchmarks_dot;6;14720;0.0;7.64474391937;8.66816210747;2.65635895729
benchmarks_dot;7;14720;0.0;7.62456917763;8.63744306564;2.6347720623
benchmarks_dot;8;14720;0.0;7.6441950798;8.63233208656;2.60053706169
benchmarks_dot;9;14720;0.0;7.63624310493;8.6561601162;2.60032701492
benchmarks_dot;0;14848;3.09944152832e-06;7.9195690155;10.3550069332;4.38958096504
benchmarks_dot;1;14848;0.0;7.89778113365;8.91050601006;3.70675301552
benchmarks_dot;2;14848;0.0;7.91774702072;8.92582798004;2.60092997551
benchmarks_dot;3;14848;9.53674316406e-07;7.89802002907;8.90801000595;2.56662297249
benchmarks_dot;4;14848;1.19209289551e-06;7.9178481102;8.92627596855;2.59474778175
benchmarks_dot;5;14848;9.53674316406e-07;7.89780902863;8.9040210247;2.58466386795
benchmarks_dot;6;14848;0.0;7.89799308777;8.90591597557;2.56537699699
benchmarks_dot;7;14848;0.0;7.8977200985;8.90850496292;2.56914401054
benchmarks_dot;8;14848;0.0;7.89773607254;8.90743303299;2.57018184662
benchmarks_dot;9;14848;0.0;7.89777612686;8.90856599808;2.56652402878
benchmarks_dot;0;14976;2.14576721191e-06;8.00745511055;10.4633140564;4.46898579597
benchmarks_dot;1;14976;0.0;7.95817899704;8.99935102463;3.81984210014
benchmarks_dot;2;14976;0.0;7.96646285057;9.00885510445;2.66702890396
benchmarks_dot;3;14976;9.53674316406e-07;7.96557116508;9.00818800926;2.6383831501
benchmarks_dot;4;14976;9.53674316406e-07;7.98749113083;9.06709218025;2.68258905411
benchmarks_dot;5;14976;9.53674316406e-07;7.97888302803;9.01319789886;2.67754888535
benchmarks_dot;6;14976;0.0;7.95816898346;8.98887300491;2.61179089546
benchmarks_dot;7;14976;1.19209289551e-06;7.97848892212;9.01314616203;2.6630179882
benchmarks_dot;8;14976;0.0;7.95822906494;8.9903550148;2.648239851
benchmarks_dot;9;14976;0.0;7.97828292847;9.01231479645;2.68757009506
benchmarks_dot;0;15104;3.09944152832e-06;8.28960990906;10.7915329933;4.56595206261
benchmarks_dot;1;15104;0.0;8.26083302498;9.29309678078;3.86108779907
benchmarks_dot;2;15104;9.53674316406e-07;8.23892498016;9.29075694084;2.69230389595
benchmarks_dot;3;15104;0.0;8.23873901367;9.27290701866;2.67801690102
benchmarks_dot;4;15104;0.0;8.25879311562;9.29152417183;2.67361402512
benchmarks_dot;5;15104;0.0;8.25874114037;9.31229400635;2.65055203438
benchmarks_dot;6;15104;9.53674316406e-07;8.25882506371;9.31369900703;2.67389893532
benchmarks_dot;7;15104;9.53674316406e-07;8.239331007;9.2923719883;2.67569589615
benchmarks_dot;8;15104;0.0;8.23905801773;9.28972196579;2.67178606987
benchmarks_dot;9;15104;0.0;8.23874092102;9.28935003281;2.71207594872
benchmarks_dot;0;15232;2.86102294922e-06;8.36680102348;10.8969581127;4.60981678963
benchmarks_dot;1;15232;0.0;8.3795170784;9.44145393372;3.9240231514
benchmarks_dot;2;15232;0.0;8.33931207657;9.42103004456;2.7402100563
benchmarks_dot;3;15232;9.53674316406e-07;8.33924818039;9.40528321266;2.73801994324
benchmarks_dot;4;15232;0.0;8.35942697525;9.4260840416;2.71992897987
benchmarks_dot;5;15232;0.0;8.35949993134;9.41991782188;2.73842787743
benchmarks_dot;6;15232;1.19209289551e-06;8.35931396484;9.4128139019;2.71464395523
benchmarks_dot;7;15232;9.53674316406e-07;8.35961389542;9.43791007996;2.73451781273
benchmarks_dot;8;15232;0.0;8.36010789871;9.42653298378;2.71518206596
benchmarks_dot;9;15232;0.0;8.35972905159;9.42343592644;2.69994306564
benchmarks_dot;0;15360;3.09944152832e-06;8.67329597473;11.3023068905;4.68376517296
benchmarks_dot;1;15360;9.53674316406e-07;8.62931704521;9.70493006706;4.03229308128
benchmarks_dot;2;15360;0.0;8.6494948864;9.7203400135;2.82067108154
benchmarks_dot;3;15360;0.0;8.62892222404;9.69522094727;2.83624720573
benchmarks_dot;4;15360;0.0;8.6497490406;9.71963596344;2.87870597839
benchmarks_dot;5;15360;9.53674316406e-07;8.64896011353;9.73643994331;2.83852601051
benchmarks_dot;6;15360;0.0;8.64945602417;9.73228502274;2.79998707771
benchmarks_dot;7;15360;0.0;8.64947509766;9.73321604729;2.85956096649
benchmarks_dot;8;15360;0.0;8.62920999527;9.70246696472;2.82215809822
benchmarks_dot;9;15360;9.53674316406e-07;8.64930796623;9.7197060585;2.70297384262
benchmarks_dot;0;15488;4.05311584473e-06;8.88423705101;11.6747660637;4.7683339119
benchmarks_dot;1;15488;0.0;8.84113717079;9.96086096764;4.03680181503
benchmarks_dot;2;15488;1.19209289551e-06;8.82134509087;9.92071008682;2.77038502693
benchmarks_dot;3;15488;9.53674316406e-07;8.84112596512;9.9385061264;2.8443608284
benchmarks_dot;4;15488;0.0;8.82134604454;9.94007301331;2.80370211601
benchmarks_dot;5;15488;0.0;8.82106208801;9.91598296165;2.84056186676
benchmarks_dot;6;15488;0.0;8.82121706009;9.92118501663;2.8015229702
benchmarks_dot;7;15488;9.53674316406e-07;8.82169008255;9.91754889488;2.82578682899
benchmarks_dot;8;15488;9.53674316406e-07;8.83022403717;9.93291687965;2.82392787933
benchmarks_dot;9;15488;9.53674316406e-07;8.81013703346;9.9157640934;2.87127304077
benchmarks_dot;0;15616;3.09944152832e-06;9.27652382851;12.0836730003;4.85223793983
benchmarks_dot;1;15616;9.53674316406e-07;9.19157385826;10.3180248737;4.15233302116
benchmarks_dot;2;15616;9.53674316406e-07;9.18379998207;10.3061478138;2.92755103111
benchmarks_dot;3;15616;0.0;9.18247914314;10.2800791264;2.81343889236
benchmarks_dot;4;15616;1.19209289551e-06;9.18253207207;10.279802084;2.88515305519
benchmarks_dot;5;15616;0.0;9.18251991272;10.2784929276;2.86686897278
benchmarks_dot;6;15616;9.53674316406e-07;9.20249605179;10.29991889;2.84958481789
benchmarks_dot;7;15616;1.19209289551e-06;9.18233108521;10.2790179253;2.88777709007
benchmarks_dot;8;15616;0.0;9.18254709244;10.3012630939;2.85048699379
benchmarks_dot;9;15616;9.53674316406e-07;9.18284296989;10.3011569977;2.84432578087
benchmarks_dot;0;15744;2.14576721191e-06;9.2962141037;12.1363370419;4.93715691566
benchmarks_dot;1;15744;0.0;9.2724609375;10.4166998863;4.22023797035
benchmarks_dot;2;15744;0.0;9.27222299576;10.4156169891;2.95383000374
benchmarks_dot;3;15744;0.0;9.29236578941;10.4423167706;2.99344992638
benchmarks_dot;4;15744;9.53674316406e-07;9.27210402489;10.4151420593;2.97985386848
benchmarks_dot;5;15744;0.0;9.29279112816;10.4362299442;2.92720293999
benchmarks_dot;6;15744;9.53674316406e-07;9.25246500969;10.3769190311;2.98130488396
benchmarks_dot;7;15744;0.0;9.27224612236;10.412512064;2.97838497162
benchmarks_dot;8;15744;1.19209289551e-06;9.29247713089;10.4323348999;3.0010881424
benchmarks_dot;9;15744;1.19209289551e-06;9.27242708206;10.4169259071;2.99536800385
benchmarks_dot;0;15872;2.14576721191e-06;9.75826406479;12.5403239727;5.00365900993
benchmarks_dot;1;15872;9.53674316406e-07;9.7139570713;10.8570079803;4.27795290947
benchmarks_dot;2;15872;9.53674316406e-07;9.70458292961;10.8373389244;2.94698405266
benchmarks_dot;3;15872;1.19209289551e-06;9.72436285019;10.8618028164;2.97620606422
benchmarks_dot;4;15872;0.0;9.70432686806;10.8382630348;2.94321799278
benchmarks_dot;5;15872;1.19209289551e-06;9.7042491436;10.8212330341;2.92279815674
benchmarks_dot;6;15872;0.0;9.70416688919;10.8278329372;2.88702201843
benchmarks_dot;7;15872;9.53674316406e-07;9.68421792984;10.8127720356;2.92718505859
benchmarks_dot;8;15872;0.0;9.68409609795;10.8193581104;2.89494800568
benchmarks_dot;9;15872;1.19209289551e-06;9.69399690628;10.8301150799;2.90340685844
benchmarks_dot;0;16000;2.86102294922e-06;9.67336201668;12.5801270008;5.09376120567
benchmarks_dot;1;16000;9.53674316406e-07;9.6843059063;10.840171814;4.27384495735
benchmarks_dot;2;16000;0.0;9.68420004845;10.8528931141;3.05817699432
benchmarks_dot;3;16000;9.53674316406e-07;9.68435287476;10.8388750553;2.99880695343
benchmarks_dot;4;16000;0.0;9.68470692635;10.840334177;2.97418189049
benchmarks_dot;5;16000;0.0;9.7043838501;10.8590488434;2.99946784973
benchmarks_dot;6;16000;9.53674316406e-07;9.68448710442;10.8514950275;2.99768090248
benchmarks_dot;7;16000;0.0;9.68435311317;10.8558590412;3.0069539547
benchmarks_dot;8;16000;0.0;9.70431780815;10.857118845;2.99956488609
benchmarks_dot;9;16000;0.0;9.70438504219;10.8588089943;2.97337913513
benchmarks_dot;0;16128;2.86102294922e-06;10.0504209995;12.9585039616;5.17952799797
benchmarks_dot;1;16128;0.0;10.0059719086;11.1913881302;4.36286616325
benchmarks_dot;2;16128;9.53674316406e-07;10.0061450005;11.1757969856;2.98487401009
benchmarks_dot;3;16128;0.0;10.0456960201;11.2284920216;3.09157991409
benchmarks_dot;4;16128;0.0;10.0457420349;11.217813015;3.03287005424
benchmarks_dot;5;16128;0.0;10.0055918694;11.1767759323;3.03273916245
benchmarks_dot;6;16128;1.19209289551e-06;10.0057940483;11.1778020859;3.03098416328
benchmarks_dot;7;16128;0.0;10.0256738663;11.1936938763;3.03278589249
benchmarks_dot;8;16128;0.0;10.0257780552;11.2160031796;3.02202105522
benchmarks_dot;9;16128;9.53674316406e-07;10.0260050297;11.197466135;2.9855659008
benchmarks_dot;0;16256;3.09944152832e-06;10.1504259109;13.0972409248;5.22747302055
benchmarks_dot;1;16256;0.0;10.1258928776;11.3283269405;4.40632295609
benchmarks_dot;2;16256;0.0;10.1160919666;11.304890871;3.09613013268
benchmarks_dot;3;16256;0.0;10.1161260605;11.3204929829;3.1061501503
benchmarks_dot;4;16256;9.53674316406e-07;10.133450985;11.340678215;3.15693807602
benchmarks_dot;5;16256;9.53674316406e-07;10.1263959408;11.3060929775;3.05567502975
benchmarks_dot;6;16256;1.19209289551e-06;10.1059257984;11.2846889496;3.05554890633
benchmarks_dot;7;16256;0.0;10.1059160233;11.2832300663;3.0907330513
benchmarks_dot;8;16256;0.0;10.1263279915;11.3279550076;3.15290403366
benchmarks_dot;9;16256;0.0;10.1059241295;11.2840480804;3.09182310104
benchmarks_dot;0;16384;1.90734863281e-06;16.205821991;19.2967908382;5.33794808388
benchmarks_dot;1;16384;0.0;15.8946108818;17.11124897;4.4973731041
benchmarks_dot;2;16384;0.0;16.1894021034;17.3927969933;3.18371796608
benchmarks_dot;3;16384;9.53674316406e-07;16.1688351631;17.3757112026;3.12620019913
benchmarks_dot;4;16384;0.0;16.1688711643;17.3780629635;3.08757519722
benchmarks_dot;5;16384;0.0;15.8676838875;17.0746669769;3.10108804703
benchmarks_dot;6;16384;0.0;16.1893150806;17.3775770664;3.14810609818
benchmarks_dot;7;16384;9.53674316406e-07;16.1691482067;17.3911039829;3.12691998482
benchmarks_dot;8;16384;0.0;16.1694090366;17.3945190907;3.12850594521
benchmarks_dot;9;16384;9.53674316406e-07;15.8881559372;17.1155059338;3.12884998322
