benchmarks_dot;0;128;9.53674316406e-07;0.0713720321655;0.364982128143;0.0287780761719
benchmarks_dot;1;128;0.0;0.00588488578796;0.0335528850555;0.00839900970459
benchmarks_dot;2;128;0.0;0.00549602508545;0.0331499576569;0.00572609901428
benchmarks_dot;3;128;0.0;0.00543308258057;0.0330431461334;0.00486087799072
benchmarks_dot;4;128;1.19209289551e-06;0.00553703308105;0.0331771373749;0.00589799880981
benchmarks_dot;5;128;0.0;0.00559401512146;0.0333108901978;0.0067720413208
benchmarks_dot;6;128;9.53674316406e-07;0.00535106658936;0.0330781936646;0.00505900382996
benchmarks_dot;7;128;0.0;0.00556707382202;0.0332880020142;0.00437307357788
benchmarks_dot;8;128;0.0;0.00547289848328;0.0331819057465;0.00491809844971
benchmarks_dot;9;128;0.0;0.00347304344177;0.0311498641968;0.00605010986328
benchmarks_dot;0;256;9.53674316406e-07;0.0954041481018;0.370622158051;0.0282490253448
benchmarks_dot;1;256;9.53674316406e-07;0.0276758670807;0.0554959774017;0.00870895385742
benchmarks_dot;2;256;9.53674316406e-07;0.027636051178;0.0553140640259;0.00524616241455
benchmarks_dot;3;256;1.19209289551e-06;0.0275819301605;0.0554990768433;0.00430011749268
benchmarks_dot;4;256;9.53674316406e-07;0.0276741981506;0.055871963501;0.00645089149475
benchmarks_dot;5;256;9.53674316406e-07;0.0276520252228;0.0557599067688;0.00594401359558
benchmarks_dot;6;256;9.53674316406e-07;0.0276370048523;0.0553689002991;0.00490093231201
benchmarks_dot;7;256;9.53674316406e-07;0.0278379917145;0.055722951889;0.00415086746216
benchmarks_dot;8;256;9.53674316406e-07;0.00678491592407;0.0346658229828;0.00420999526978
benchmarks_dot;9;256;9.53674316406e-07;0.00762891769409;0.0146188735962;0.00406813621521
benchmarks_dot;0;384;9.53674316406e-07;0.0914318561554;0.365628004074;0.0290241241455
benchmarks_dot;1;384;0.0;0.0277690887451;0.0563950538635;0.0105850696564
benchmarks_dot;2;384;0.0;0.0277650356293;0.0560920238495;0.00822806358337
benchmarks_dot;3;384;9.53674316406e-07;0.0281960964203;0.0563468933105;0.00512194633484
benchmarks_dot;4;384;0.0;0.0277318954468;0.0360789299011;0.00553798675537
benchmarks_dot;5;384;0.0;0.0277619361877;0.0559930801392;0.00532388687134
benchmarks_dot;6;384;0.0;0.0279710292816;0.0323491096497;0.00395488739014
benchmarks_dot;7;384;0.0;0.0279719829559;0.0324690341949;0.00378799438477
benchmarks_dot;8;384;9.53674316406e-07;0.028018951416;0.0330200195312;0.0038890838623
benchmarks_dot;9;384;0.0;0.0279719829559;0.031867980957;0.00434184074402
benchmarks_dot;0;512;1.90734863281e-06;0.09095287323;0.366838932037;0.0300450325012
benchmarks_dot;1;512;9.53674316406e-07;0.0278029441833;0.0566930770874;0.0348010063171
benchmarks_dot;2;512;0.0;0.0275559425354;0.0337760448456;0.00821208953857
benchmarks_dot;3;512;1.19209289551e-06;0.0275201797485;0.0348081588745;0.006098985672
benchmarks_dot;4;512;0.0;0.0277800559998;0.0563540458679;0.00815200805664
benchmarks_dot;5;512;0.0;0.0274918079376;0.0558052062988;0.0139019489288
benchmarks_dot;6;512;0.0;0.0275361537933;0.0342931747437;0.00627899169922
benchmarks_dot;7;512;0.0;0.0275321006775;0.0319671630859;0.00433492660522
benchmarks_dot;8;512;0.0;0.0275568962097;0.0322630405426;0.00476098060608
benchmarks_dot;9;512;0.0;0.0275738239288;0.0313951969147;0.00482892990112
benchmarks_dot;0;640;9.53674316406e-07;0.0708410739899;0.367264986038;0.0326340198517
benchmarks_dot;1;640;0.0;0.0275430679321;0.0569779872894;0.0356249809265
benchmarks_dot;2;640;9.53674316406e-07;0.0275390148163;0.0553929805756;0.0107510089874
benchmarks_dot;3;640;0.0;0.0279250144958;0.0564539432526;0.0161869525909
benchmarks_dot;4;640;0.0;0.0275189876556;0.0347309112549;0.0102958679199
benchmarks_dot;5;640;0.0;0.0275149345398;0.0339770317078;0.00625109672546
benchmarks_dot;6;640;9.53674316406e-07;0.0277400016785;0.0336980819702;0.00503897666931
benchmarks_dot;7;640;9.53674316406e-07;0.027508020401;0.0349559783936;0.00468397140503
benchmarks_dot;8;640;0.0;0.0275130271912;0.0346019268036;0.00522089004517
benchmarks_dot;9;640;0.0;0.0275001525879;0.0341491699219;0.00522398948669
benchmarks_dot;0;768;1.19209289551e-06;0.0914070606232;0.370723962784;0.0346839427948
benchmarks_dot;1;768;1.19209289551e-06;0.0275418758392;0.0570390224457;0.038076877594
benchmarks_dot;2;768;9.53674316406e-07;0.0277049541473;0.0566630363464;0.0376119613647
benchmarks_dot;3;768;0.0;0.0277919769287;0.0560100078583;0.0362169742584
benchmarks_dot;4;768;0.0;0.0275428295135;0.0556728839874;0.00703406333923
benchmarks_dot;5;768;9.53674316406e-07;0.0275371074677;0.0556058883667;0.00935387611389
benchmarks_dot;6;768;9.53674316406e-07;0.0275468826294;0.0557119846344;0.00766611099243
benchmarks_dot;7;768;0.0;0.0276470184326;0.0576028823853;0.00597906112671
benchmarks_dot;8;768;1.19209289551e-06;0.0274951457977;0.0369501113892;0.00618815422058
benchmarks_dot;9;768;0.0;0.0275149345398;0.0355920791626;0.00656795501709
benchmarks_dot;0;896;9.53674316406e-07;0.0955121517181;0.376148939133;0.0354549884796
benchmarks_dot;1;896;0.0;0.0277850627899;0.0578989982605;0.0392169952393
benchmarks_dot;2;896;0.0;0.0279750823975;0.0583760738373;0.0175969600677
benchmarks_dot;3;896;0.0;0.0278611183167;0.0572619438171;0.0137720108032
benchmarks_dot;4;896;9.53674316406e-07;0.0280380249023;0.058021068573;0.0103008747101
benchmarks_dot;5;896;9.53674316406e-07;0.0280609130859;0.0579290390015;0.0117418766022
benchmarks_dot;6;896;0.0;0.0280380249023;0.0576910972595;0.0102639198303
benchmarks_dot;7;896;0.0;0.0282859802246;0.0584599971771;0.00836300849915
benchmarks_dot;8;896;1.19209289551e-06;0.0282351970673;0.0589060783386;0.00888085365295
benchmarks_dot;9;896;9.53674316406e-07;0.0280640125275;0.0573971271515;0.00911712646484
benchmarks_dot;0;1024;1.19209289551e-06;0.111272096634;0.3957259655;0.0376780033112
benchmarks_dot;1;1024;9.53674316406e-07;0.0285608768463;0.0596690177917;0.0394930839539
benchmarks_dot;2;1024;0.0;0.0278339385986;0.0593309402466;0.0208129882812
benchmarks_dot;3;1024;0.0;0.0282809734344;0.0589220523834;0.0185899734497
benchmarks_dot;4;1024;0.0;0.0280680656433;0.0578229427338;0.0160520076752
benchmarks_dot;5;1024;1.19209289551e-06;0.0281128883362;0.0578339099884;0.0163760185242
benchmarks_dot;6;1024;0.0;0.0280079841614;0.0576338768005;0.0143809318542
benchmarks_dot;7;1024;0.0;0.0280361175537;0.0586979389191;0.0158939361572
benchmarks_dot;8;1024;0.0;0.0280361175537;0.0585532188416;0.0140750408173
benchmarks_dot;9;1024;0.0;0.027862071991;0.0582959651947;0.0390031337738
benchmarks_dot;0;1152;1.90734863281e-06;0.111624956131;0.399216890335;0.0603799819946
benchmarks_dot;1;1152;0.0;0.0286738872528;0.0604989528656;0.0420210361481
benchmarks_dot;2;1152;9.53674316406e-07;0.0280508995056;0.0602190494537;0.0635590553284
benchmarks_dot;3;1152;0.0;0.0283310413361;0.060320854187;0.0215511322021
benchmarks_dot;4;1152;0.0;0.0280518531799;0.0581910610199;0.0196869373322
benchmarks_dot;5;1152;0.0;0.0283489227295;0.0587458610535;0.0392889976501
benchmarks_dot;6;1152;0.0;0.0280728340149;0.0583610534668;0.0171790122986
benchmarks_dot;7;1152;9.53674316406e-07;0.0278339385986;0.0597498416901;0.018492937088
benchmarks_dot;8;1152;0.0;0.0278539657593;0.0594182014465;0.0181400775909
benchmarks_dot;9;1152;9.53674316406e-07;0.0278179645538;0.0582568645477;0.060084104538
benchmarks_dot;0;1280;1.90734863281e-06;0.111994028091;0.401528120041;0.0631999969482
benchmarks_dot;1;1280;0.0;0.0278899669647;0.0601789951324;0.0642781257629
benchmarks_dot;2;1280;1.19209289551e-06;0.0280430316925;0.059947013855;0.064621925354
benchmarks_dot;3;1280;9.53674316406e-07;0.028000831604;0.0605030059814;0.0641338825226
benchmarks_dot;4;1280;0.0;0.02800989151;0.0586822032928;0.0622639656067
benchmarks_dot;5;1280;9.53674316406e-07;0.0277850627899;0.0582280158997;0.0605969429016
benchmarks_dot;6;1280;9.53674316406e-07;0.0279719829559;0.0583131313324;0.0601899623871
benchmarks_dot;7;1280;1.19209289551e-06;0.0278389453888;0.0600409507751;0.0605089664459
benchmarks_dot;8;1280;0.0;0.0278098583221;0.0601058006287;0.040027141571
benchmarks_dot;9;1280;9.53674316406e-07;0.0278038978577;0.0584449768066;0.0608811378479
benchmarks_dot;0;1408;9.53674316406e-07;0.111320972443;0.423518896103;0.0651187896729
benchmarks_dot;1;1408;0.0;0.0478870868683;0.0814690589905;0.0676860809326
benchmarks_dot;2;1408;1.19209289551e-06;0.0280599594116;0.0613250732422;0.0659210681915
benchmarks_dot;3;1408;9.53674316406e-07;0.0280661582947;0.0613601207733;0.0649430751801
benchmarks_dot;4;1408;0.0;0.0283310413361;0.0592138767242;0.0635800361633
benchmarks_dot;5;1408;0.0;0.0282800197601;0.0592000484467;0.0619549751282
benchmarks_dot;6;1408;0.0;0.0278639793396;0.058846950531;0.0616281032562
benchmarks_dot;7;1408;0.0;0.0278708934784;0.060623884201;0.0623469352722
benchmarks_dot;8;1408;0.0;0.0278759002686;0.061017036438;0.0615980625153
benchmarks_dot;9;1408;1.19209289551e-06;0.0278480052948;0.0589411258698;0.0623888969421
benchmarks_dot;0;1536;1.19209289551e-06;0.137585878372;0.435088157654;0.068204164505
benchmarks_dot;1;1536;9.53674316406e-07;0.0480921268463;0.0819590091705;0.0870201587677
benchmarks_dot;2;1536;0.0;0.0280480384827;0.0617740154266;0.0672388076782
benchmarks_dot;3;1536;9.53674316406e-07;0.0280261039734;0.0617480278015;0.0660109519958
benchmarks_dot;4;1536;0.0;0.0280270576477;0.0593550205231;0.065013885498
benchmarks_dot;5;1536;0.0;0.0278060436249;0.0596928596497;0.0630838871002
benchmarks_dot;6;1536;9.53674316406e-07;0.0278339385986;0.059182882309;0.0627529621124
benchmarks_dot;7;1536;9.53674316406e-07;0.0278260707855;0.0615379810333;0.0626831054688
benchmarks_dot;8;1536;9.53674316406e-07;0.0277690887451;0.0614700317383;0.0623788833618
benchmarks_dot;9;1536;9.53674316406e-07;0.0280239582062;0.059455871582;0.0630660057068
benchmarks_dot;0;1664;3.09944152832e-06;0.152019023895;0.452946901321;0.0723478794098
benchmarks_dot;1;1664;0.0;0.0481522083282;0.0826241970062;0.109163999557
benchmarks_dot;2;1664;0.0;0.0280759334564;0.0628139972687;0.0691239833832
benchmarks_dot;3;1664;0.0;0.0281019210815;0.0628509521484;0.0677678585052
benchmarks_dot;4;1664;9.53674316406e-07;0.0479180812836;0.0798439979553;0.0664460659027
benchmarks_dot;5;1664;0.0;0.0479118824005;0.0803949832916;0.0636749267578
benchmarks_dot;6;1664;0.0;0.0283379554749;0.0602309703827;0.0635440349579
benchmarks_dot;7;1664;0.0;0.0279312133789;0.0620970726013;0.0640561580658
benchmarks_dot;8;1664;0.0;0.0479049682617;0.0821349620819;0.0633571147919
benchmarks_dot;9;1664;9.53674316406e-07;0.0280549526215;0.0599570274353;0.0639591217041
benchmarks_dot;0;1792;3.09944152832e-06;0.158091068268;0.464110851288;0.0946829319
benchmarks_dot;1;1792;0.0;0.0484359264374;0.084321975708;0.0912420749664
benchmarks_dot;2;1792;1.19209289551e-06;0.0480411052704;0.084095954895;0.0714869499207
benchmarks_dot;3;1792;9.53674316406e-07;0.0482399463654;0.0837020874023;0.0690090656281
benchmarks_dot;4;1792;1.19209289551e-06;0.0480029582977;0.0805170536041;0.0673868656158
benchmarks_dot;5;1792;0.0;0.0479629039764;0.0804269313812;0.0651149749756
benchmarks_dot;6;1792;0.0;0.0479960441589;0.080677986145;0.065043926239
benchmarks_dot;7;1792;0.0;0.0282599925995;0.0637698173523;0.0647869110107
benchmarks_dot;8;1792;0.0;0.0283980369568;0.0634291172028;0.0656027793884
benchmarks_dot;9;1792;0.0;0.0276191234589;0.0593330860138;0.0639779567719
benchmarks_dot;0;1920;1.19209289551e-06;0.151790142059;0.480777025223;0.128672122955
benchmarks_dot;1;1920;0.0;0.0484118461609;0.104995965958;0.112634897232
benchmarks_dot;2;1920;0.0;0.048171043396;0.085196018219;0.0725800991058
benchmarks_dot;3;1920;0.0;0.0479371547699;0.084331035614;0.0700209140778
benchmarks_dot;4;1920;1.19209289551e-06;0.0479378700256;0.0811519622803;0.0690479278564
benchmarks_dot;5;1920;0.0;0.0478858947754;0.0811169147491;0.066055059433
benchmarks_dot;6;1920;1.19209289551e-06;0.0481758117676;0.0812699794769;0.0658948421478
benchmarks_dot;7;1920;0.0;0.028048992157;0.0647020339966;0.0662291049957
benchmarks_dot;8;1920;0.0;0.0484180450439;0.0848228931427;0.0658981800079
benchmarks_dot;9;1920;0.0;0.0481262207031;0.0812661647797;0.0661180019379
benchmarks_dot;0;2048;2.14576721191e-06;0.211409091949;0.545621871948;0.137465953827
benchmarks_dot;1;2048;0.0;0.048357963562;0.106029987335;0.115231990814
benchmarks_dot;2;2048;1.19209289551e-06;0.0480160713196;0.10578584671;0.0741009712219
benchmarks_dot;3;2048;0.0;0.0480210781097;0.105870008469;0.0748360157013
benchmarks_dot;4;2048;0.0;0.0479459762573;0.0855400562286;0.075010061264
benchmarks_dot;5;2048;0.0;0.0479769706726;0.0858271121979;0.074630022049
benchmarks_dot;6;2048;0.0;0.048238992691;0.0858631134033;0.074609041214
benchmarks_dot;7;2048;0.0;0.0481770038605;0.0857059955597;0.074805021286
benchmarks_dot;8;2048;0.0;0.0480020046234;0.0861341953278;0.0743141174316
benchmarks_dot;9;2048;9.53674316406e-07;0.0480060577393;0.0852019786835;0.0734868049622
benchmarks_dot;0;2176;2.14576721191e-06;0.177707910538;0.496997833252;0.127585172653
benchmarks_dot;1;2176;9.53674316406e-07;0.0482249259949;0.107115030289;0.117385864258
benchmarks_dot;2;2176;9.53674316406e-07;0.0482289791107;0.107092142105;0.0769159793854
benchmarks_dot;3;2176;0.0;0.0479998588562;0.106608867645;0.0763359069824
benchmarks_dot;4;2176;0.0;0.0480229854584;0.106868028641;0.0767660140991
benchmarks_dot;5;2176;0.0;0.0479848384857;0.0870218276978;0.0769929885864
benchmarks_dot;6;2176;9.53674316406e-07;0.0484390258789;0.0871798992157;0.0770659446716
benchmarks_dot;7;2176;9.53674316406e-07;0.0481970310211;0.0869388580322;0.0773220062256
benchmarks_dot;8;2176;0.0;0.0481657981873;0.107187986374;0.0765399932861
benchmarks_dot;9;2176;0.0;0.0484268665314;0.106796979904;0.0757400989532
benchmarks_dot;0;2304;1.90734863281e-06;0.191972970963;0.535724878311;0.172762870789
benchmarks_dot;1;2304;0.0;0.0683059692383;0.127962827682;0.139930963516
benchmarks_dot;2;2304;0.0;0.0680329799652;0.128704071045;0.0794401168823
benchmarks_dot;3;2304;0.0;0.0480771064758;0.107652902603;0.0803790092468
benchmarks_dot;4;2304;9.53674316406e-07;0.0479819774628;0.108673095703;0.0793969631195
benchmarks_dot;5;2304;9.53674316406e-07;0.0482008457184;0.0879709720612;0.0792379379272
benchmarks_dot;6;2304;9.53674316406e-07;0.0482430458069;0.08869099617;0.0803520679474
benchmarks_dot;7;2304;0.0;0.0483169555664;0.108808040619;0.0793850421906
benchmarks_dot;8;2304;0.0;0.0483930110931;0.108721017838;0.0791480541229
benchmarks_dot;9;2304;0.0;0.0480859279633;0.108284950256;0.0800728797913
benchmarks_dot;0;2432;2.86102294922e-06;0.231729030609;0.576959133148;0.176352024078
benchmarks_dot;1;2432;9.53674316406e-07;0.0682730674744;0.129467010498;0.162341117859
benchmarks_dot;2;2432;0.0;0.0680949687958;0.129101037979;0.0825169086456
benchmarks_dot;3;2432;9.53674316406e-07;0.0680251121521;0.129585981369;0.0825231075287
benchmarks_dot;4;2432;9.53674316406e-07;0.068286895752;0.12923002243;0.0817518234253
benchmarks_dot;5;2432;0.0;0.0683300495148;0.129410982132;0.0816788673401
benchmarks_dot;6;2432;0.0;0.0680589675903;0.129856109619;0.0814769268036
benchmarks_dot;7;2432;1.19209289551e-06;0.0680270195007;0.129185914993;0.0821239948273
benchmarks_dot;8;2432;0.0;0.0683681964874;0.130004167557;0.0816571712494
benchmarks_dot;9;2432;0.0;0.0683250427246;0.129354000092;0.0819489955902
benchmarks_dot;0;2560;4.05311584473e-06;0.229959011078;0.576377868652;0.201937913895
benchmarks_dot;1;2560;0.0;0.0881450176239;0.130787134171;0.164989948273
benchmarks_dot;2;2560;0.0;0.0882658958435;0.151231050491;0.0846588611603
benchmarks_dot;3;2560;0.0;0.0680778026581;0.131034851074;0.0852150917053
benchmarks_dot;4;2560;9.53674316406e-07;0.067971944809;0.131458044052;0.084890127182
benchmarks_dot;5;2560;1.19209289551e-06;0.0683147907257;0.131234884262;0.0845191478729
benchmarks_dot;6;2560;9.53674316406e-07;0.0886209011078;0.151972055435;0.0843420028687
benchmarks_dot;7;2560;9.53674316406e-07;0.068158864975;0.131047010422;0.0852689743042
benchmarks_dot;8;2560;9.53674316406e-07;0.0683219432831;0.132138967514;0.084890127182
benchmarks_dot;9;2560;9.53674316406e-07;0.0683178901672;0.131291151047;0.084990978241
benchmarks_dot;0;2688;3.09944152832e-06;0.229815006256;0.597191095352;0.205795049667
benchmarks_dot;1;2688;0.0;0.0881490707397;0.152402877808;0.188519954681
benchmarks_dot;2;2688;9.53674316406e-07;0.0881409645081;0.152119159698;0.088014125824
benchmarks_dot;3;2688;0.0;0.0883769989014;0.152489900589;0.0878219604492
benchmarks_dot;4;2688;9.53674316406e-07;0.0884120464325;0.152586936951;0.0873100757599
benchmarks_dot;5;2688;0.0;0.0881550312042;0.152580976486;0.0873620510101
benchmarks_dot;6;2688;0.0;0.0881431102753;0.152452945709;0.0881299972534
benchmarks_dot;7;2688;9.53674316406e-07;0.088180065155;0.152419090271;0.0883240699768
benchmarks_dot;8;2688;0.0;0.088436126709;0.152539968491;0.0880799293518
benchmarks_dot;9;2688;9.53674316406e-07;0.0881519317627;0.152225017548;0.0878281593323
benchmarks_dot;0;2816;2.86102294922e-06;0.209613084793;0.579866886139;0.231309175491
benchmarks_dot;1;2816;9.53674316406e-07;0.0881481170654;0.153654098511;0.212237119675
benchmarks_dot;2;2816;0.0;0.08864402771;0.155151128769;0.131432056427
benchmarks_dot;3;2816;0.0;0.0883800983429;0.153986930847;0.132159948349
benchmarks_dot;4;2816;9.53674316406e-07;0.0881509780884;0.154356002808;0.131221055984
benchmarks_dot;5;2816;9.53674316406e-07;0.0881950855255;0.153897047043;0.131543159485
benchmarks_dot;6;2816;0.0;0.0884149074554;0.155549049377;0.132593154907
benchmarks_dot;7;2816;0.0;0.0883660316467;0.1544880867;0.131151914597
benchmarks_dot;8;2816;9.53674316406e-07;0.088173866272;0.155160903931;0.131828069687
benchmarks_dot;9;2816;1.19209289551e-06;0.0882120132446;0.153934955597;0.132863998413
benchmarks_dot;0;2944;2.86102294922e-06;0.229655981064;0.620846986771;0.235079050064
benchmarks_dot;1;2944;9.53674316406e-07;0.108237981796;0.175403118134;0.234217882156
benchmarks_dot;2;2944;0.0;0.108180046082;0.175338029861;0.133441925049
benchmarks_dot;3;2944;9.53674316406e-07;0.108414888382;0.175458908081;0.13462305069
benchmarks_dot;4;2944;0.0;0.108252048492;0.175539016724;0.134370088577
benchmarks_dot;5;2944;1.19209289551e-06;0.108196973801;0.175400018692;0.133265018463
benchmarks_dot;6;2944;1.19209289551e-06;0.108542919159;0.176410913467;0.134144067764
benchmarks_dot;7;2944;0.0;0.108173131943;0.175599098206;0.133811950684
benchmarks_dot;8;2944;9.53674316406e-07;0.108232975006;0.175915956497;0.133553028107
benchmarks_dot;9;2944;0.0;0.108412027359;0.175780057907;0.133832216263
benchmarks_dot;0;3072;4.05311584473e-06;0.230054855347;0.602550983429;0.262212991714
benchmarks_dot;1;3072;9.53674316406e-07;0.108224868774;0.177599906921;0.237659215927
benchmarks_dot;2;3072;1.19209289551e-06;0.108427047729;0.177848100662;0.13720703125
benchmarks_dot;3;3072;9.53674316406e-07;0.108489990234;0.177634000778;0.137601137161
benchmarks_dot;4;3072;0.0;0.108246803284;0.177501916885;0.137483119965
benchmarks_dot;5;3072;9.53674316406e-07;0.108261108398;0.177478075027;0.13716006279
benchmarks_dot;6;3072;0.0;0.108458042145;0.177561998367;0.13805603981
benchmarks_dot;7;3072;1.19209289551e-06;0.108247995377;0.177668094635;0.138655900955
benchmarks_dot;8;3072;0.0;0.108392000198;0.178080797195;0.138584136963
benchmarks_dot;9;3072;9.53674316406e-07;0.108099937439;0.177405834198;0.137729883194
benchmarks_dot;0;3200;3.09944152832e-06;0.250153779984;0.644326925278;0.267590045929
benchmarks_dot;1;3200;0.0;0.148645877838;0.239586830139;0.261281013489
benchmarks_dot;2;3200;0.0;0.12856388092;0.199549913406;0.14137506485
benchmarks_dot;3;3200;0.0;0.128347873688;0.199429988861;0.141308069229
benchmarks_dot;4;3200;0.0;0.128351211548;0.219477176666;0.141211032867
benchmarks_dot;5;3200;0.0;0.128549814224;0.200188875198;0.141165971756
benchmarks_dot;6;3200;9.53674316406e-07;0.128617048264;0.199656963348;0.141014099121
benchmarks_dot;7;3200;9.53674316406e-07;0.128329992294;0.21923995018;0.141430854797
benchmarks_dot;8;3200;9.53674316406e-07;0.128547906876;0.199969053268;0.140906095505
benchmarks_dot;9;3200;9.53674316406e-07;0.128304004669;0.200009822845;0.141265153885
benchmarks_dot;0;3328;1.00135803223e-05;0.390444993973;0.788179159164;0.272827148438
benchmarks_dot;1;3328;0.0;0.168647050858;0.260344028473;0.284426927567
benchmarks_dot;2;3328;0.0;0.148448944092;0.241026163101;0.163721084595
benchmarks_dot;3;3328;9.53674316406e-07;0.148412942886;0.240110874176;0.184417963028
benchmarks_dot;4;3328;1.19209289551e-06;0.148638010025;0.241940021515;0.144958972931
benchmarks_dot;5;3328;0.0;0.148666858673;0.240936994553;0.16364812851
benchmarks_dot;6;3328;9.53674316406e-07;0.148763895035;0.241755008698;0.186034917831
benchmarks_dot;7;3328;0.0;0.168514966965;0.281075954437;0.185047864914
benchmarks_dot;8;3328;0.0;0.14858007431;0.241748094559;0.165502786636
benchmarks_dot;9;3328;0.0;0.148645162582;0.2410800457;0.185604095459
benchmarks_dot;0;3456;2.86102294922e-06;0.290745973587;0.709553956985;0.297646045685
benchmarks_dot;1;3456;0.0;0.168726921082;0.263701915741;0.309680938721
benchmarks_dot;2;3456;9.53674316406e-07;0.168453931808;0.262800931931;0.18714594841
benchmarks_dot;3;3456;9.53674316406e-07;0.14851307869;0.263087034225;0.18855881691
benchmarks_dot;4;3456;0.0;0.16867017746;0.283669948578;0.188802957535
benchmarks_dot;5;3456;0.0;0.168489933014;0.283087968826;0.188825130463
benchmarks_dot;6;3456;0.0;0.168717861176;0.283154010773;0.188697099686
benchmarks_dot;7;3456;0.0;0.168497800827;0.283351182938;0.188229084015
benchmarks_dot;8;3456;0.0;0.168709993362;0.282963037491;0.187642097473
benchmarks_dot;9;3456;0.0;0.188538074493;0.303291082382;0.18842291832
benchmarks_dot;0;3584;2.86102294922e-06;0.290373086929;0.690878868103;0.324526071548
benchmarks_dot;1;3584;0.0;0.209062814713;0.305597782135;0.313087940216
benchmarks_dot;2;3584;0.0;0.20865893364;0.305164813995;0.191852092743
benchmarks_dot;3;3584;9.53674316406e-07;0.188960075378;0.285624027252;0.192389011383
benchmarks_dot;4;3584;0.0;0.208657026291;0.325120925903;0.192300081253
benchmarks_dot;5;3584;9.53674316406e-07;0.188826084137;0.285495042801;0.191800117493
benchmarks_dot;6;3584;9.53674316406e-07;0.208681821823;0.325109958649;0.191899061203
benchmarks_dot;7;3584;9.53674316406e-07;0.208867073059;0.305490016937;0.192539930344
benchmarks_dot;8;3584;0.0;0.20872092247;0.325161933899;0.191480875015
benchmarks_dot;9;3584;0.0;0.188772916794;0.28523182869;0.191978931427
benchmarks_dot;0;3712;2.86102294922e-06;0.312103033066;0.817002058029;0.330281972885
benchmarks_dot;1;3712;0.0;0.208858013153;0.306938886642;0.316220998764
benchmarks_dot;2;3712;9.53674316406e-07;0.20864200592;0.306643009186;0.196470975876
benchmarks_dot;3;3712;0.0;0.208858013153;0.327064990997;0.196197986603
benchmarks_dot;4;3712;1.19209289551e-06;0.208594799042;0.306535005569;0.195401906967
benchmarks_dot;5;3712;0.0;0.208819150925;0.306766033173;0.195270061493
benchmarks_dot;6;3712;0.0;0.209009885788;0.327461957932;0.194899082184
benchmarks_dot;7;3712;0.0;0.208821058273;0.306601047516;0.194890022278
benchmarks_dot;8;3712;0.0;0.20862197876;0.326480865479;0.194812059402
benchmarks_dot;9;3712;9.53674316406e-07;0.208782911301;0.326362133026;0.214038133621
benchmarks_dot;0;3840;3.09944152832e-06;0.352223157883;0.792210102081;0.359179973602
benchmarks_dot;1;3840;0.0;0.208868980408;0.309551000595;0.34209895134
benchmarks_dot;2;3840;0.0;0.228676080704;0.329596042633;0.200533151627
benchmarks_dot;3;3840;0.0;0.228702068329;0.329162120819;0.201449155807
benchmarks_dot;4;3840;0.0;0.22873711586;0.329740047455;0.20094203949
benchmarks_dot;5;3840;9.53674316406e-07;0.228951931;0.329790115356;0.200402975082
benchmarks_dot;6;3840;0.0;0.228677034378;0.329472064972;0.221458911896
benchmarks_dot;7;3840;0.0;0.208833932877;0.309489011765;0.200811862946
benchmarks_dot;8;3840;9.53674316406e-07;0.228642940521;0.349613904953;0.200665950775
benchmarks_dot;9;3840;9.53674316406e-07;0.208557128906;0.309284925461;0.20072889328
benchmarks_dot;0;3968;3.09944152832e-06;0.353100061417;0.801754951477;0.363044977188
benchmarks_dot;1;3968;9.53674316406e-07;0.248810052872;0.3529920578;0.343315839767
benchmarks_dot;2;3968;9.53674316406e-07;0.268748998642;0.377291917801;0.244015932083
benchmarks_dot;3;3968;1.19209289551e-06;0.248834848404;0.382735013962;0.265384912491
benchmarks_dot;4;3968;0.0;0.268789052963;0.402269124985;0.244163990021
benchmarks_dot;5;3968;0.0;0.269158840179;0.391369819641;0.244577169418
benchmarks_dot;6;3968;9.53674316406e-07;0.248972892761;0.351442098618;0.203688144684
benchmarks_dot;7;3968;9.53674316406e-07;0.228734970093;0.351025819778;0.223333835602
benchmarks_dot;8;3968;0.0;0.249058008194;0.351527929306;0.222353935242
benchmarks_dot;9;3968;0.0;0.248950004578;0.351032972336;0.224607944489
benchmarks_dot;0;4096;3.09944152832e-06;0.43270611763;0.886142969131;0.390954017639
benchmarks_dot;1;4096;9.53674316406e-07;0.349174976349;0.454566001892;0.350682973862
benchmarks_dot;2;4096;1.19209289551e-06;0.34940290451;0.454332113266;0.249624967575
benchmarks_dot;3;4096;0.0;0.34919500351;0.474514007568;0.229274988174
benchmarks_dot;4;4096;0.0;0.349142074585;0.474334955215;0.22988319397
benchmarks_dot;5;4096;9.53674316406e-07;0.34925198555;0.454139947891;0.249536037445
benchmarks_dot;6;4096;9.53674316406e-07;0.34950709343;0.454918861389;0.229583978653
benchmarks_dot;7;4096;0.0;0.309010982513;0.413964033127;0.250385046005
benchmarks_dot;8;4096;1.19209289551e-06;0.349371194839;0.45469212532;0.229882955551
benchmarks_dot;9;4096;9.53674316406e-07;0.308984994888;0.414390087128;0.229734897614
benchmarks_dot;0;4224;3.09944152832e-06;0.392795085907;0.864631175995;0.438902854919
benchmarks_dot;1;4224;0.0;0.309036970139;0.416692972183;0.39587688446
benchmarks_dot;2;4224;0.0;0.269121170044;0.377436161041;0.255362033844
benchmarks_dot;3;4224;9.53674316406e-07;0.308986902237;0.417429924011;0.235363960266
benchmarks_dot;4;4224;0.0;0.309121131897;0.416957855225;0.255141973495
benchmarks_dot;5;4224;9.53674316406e-07;0.308851003647;0.417042016983;0.255073070526
benchmarks_dot;6;4224;9.53674316406e-07;0.268849849701;0.376513004303;0.255204916
benchmarks_dot;7;4224;9.53674316406e-07;0.309296131134;0.416975975037;0.25569486618
benchmarks_dot;8;4224;1.21593475342e-05;0.269058942795;0.37681889534;0.255537986755
benchmarks_dot;9;4224;0.0;0.309002161026;0.416531085968;0.255082845688
benchmarks_dot;0;4352;3.09944152832e-06;0.412678956985;0.910577058792;0.445569038391
benchmarks_dot;1;4352;0.0;0.349137067795;0.478083133698;0.398830890656
benchmarks_dot;2;4352;0.0;0.309214115143;0.418854951859;0.25842499733
benchmarks_dot;3;4352;9.53674316406e-07;0.289073944092;0.398069858551;0.258772850037
benchmarks_dot;4;4352;0.0;0.2888879776;0.418720006943;0.258101940155
benchmarks_dot;5;4352;0.0;0.309127092361;0.418125152588;0.248957872391
benchmarks_dot;6;4352;9.53674316406e-07;0.329171895981;0.438628911972;0.258444070816
benchmarks_dot;7;4352;0.0;0.328948974609;0.437530994415;0.258519887924
benchmarks_dot;8;4352;9.53674316406e-07;0.329003095627;0.43820810318;0.277556180954
benchmarks_dot;9;4352;0.0;0.329203128815;0.437898159027;0.258632898331
benchmarks_dot;0;4480;3.09944152832e-06;0.453273057938;0.957713127136;0.471275091171
benchmarks_dot;1;4480;1.19209289551e-06;0.369323968887;0.501163959503;0.425490140915
benchmarks_dot;2;4480;9.53674316406e-07;0.369251012802;0.480659008026;0.283618927002
benchmarks_dot;3;4480;9.53674316406e-07;0.369419813156;0.481241941452;0.283399820328
benchmarks_dot;4;4480;0.0;0.369469165802;0.501024961472;0.283384799957
benchmarks_dot;5;4480;9.53674316406e-07;0.369402885437;0.480808019638;0.283313989639
benchmarks_dot;6;4480;0.0;0.369287014008;0.48069691658;0.303168058395
benchmarks_dot;7;4480;9.53674316406e-07;0.369408130646;0.481050014496;0.283056020737
benchmarks_dot;8;4480;0.0;0.329267024994;0.440781831741;0.26363992691
benchmarks_dot;9;4480;0.0;0.32933807373;0.441138982773;0.264244794846
benchmarks_dot;0;4608;1.90734863281e-06;0.452695131302;0.973541975021;0.500157833099
benchmarks_dot;1;4608;0.0;0.36918592453;0.503086090088;0.448390007019
benchmarks_dot;2;4608;0.0;0.369232177734;0.52382516861;0.307144880295
benchmarks_dot;3;4608;0.0;0.389230012894;0.522990942001;0.307141065598
benchmarks_dot;4;4608;9.53674316406e-07;0.389508008957;0.523610115051;0.307806015015
benchmarks_dot;5;4608;0.0;0.389531850815;0.52338385582;0.306572198868
benchmarks_dot;6;4608;0.0;0.369183063507;0.502860069275;0.28764295578
benchmarks_dot;7;4608;0.0;0.389240980148;0.523402929306;0.30771613121
benchmarks_dot;8;4608;0.0;0.369183063507;0.522994995117;0.307987928391
benchmarks_dot;9;4608;0.0;0.389730930328;0.524062871933;0.308150053024
benchmarks_dot;0;4736;2.86102294922e-06;0.493319988251;1.01449799538;0.611186981201
benchmarks_dot;1;4736;0.0;0.409622192383;0.54678106308;0.456887960434
benchmarks_dot;2;4736;0.0;0.409315824509;0.56655216217;0.315253019333
benchmarks_dot;3;4736;0.0;0.409461021423;0.546627998352;0.314571857452
benchmarks_dot;4;4736;9.53674316406e-07;0.409384012222;0.546569824219;0.315359830856
benchmarks_dot;5;4736;0.0;0.429423093796;0.566409111023;0.315068006516
benchmarks_dot;6;4736;0.0;0.409659862518;0.546993017197;0.315146207809
benchmarks_dot;7;4736;0.0;0.409579992294;0.54650592804;0.335391998291
benchmarks_dot;8;4736;9.53674316406e-07;0.409507036209;0.547091960907;0.415047168732
benchmarks_dot;9;4736;0.0;0.409615039825;0.546766996384;0.314354896545
benchmarks_dot;0;4864;3.09944152832e-06;0.812927961349;1.35688400269;0.63859796524
benchmarks_dot;1;4864;0.0;0.44952082634;0.610736846924;0.482141971588
benchmarks_dot;2;4864;0.0;0.429465055466;0.569548130035;0.319744110107
benchmarks_dot;3;4864;0.0;0.429655790329;0.589557886124;0.320259809494
benchmarks_dot;4;4864;1.19209289551e-06;0.44984292984;0.590378046036;0.420591115952
benchmarks_dot;5;4864;0.0;0.429935932159;0.570138931274;0.310575008392
benchmarks_dot;6;4864;0.0;0.429738998413;0.570068836212;0.320896863937
benchmarks_dot;7;4864;0.0;0.429749965668;0.569463968277;0.441160917282
benchmarks_dot;8;4864;9.53674316406e-07;0.429481983185;0.589605093002;0.319638967514
benchmarks_dot;9;4864;0.0;0.429413795471;0.58883190155;0.319886922836
benchmarks_dot;0;4992;2.86102294922e-06;0.551388978958;1.09816217422;0.664934873581
benchmarks_dot;1;4992;9.53674316406e-07;0.489959001541;0.632666110992;0.477704048157
benchmarks_dot;2;4992;9.53674316406e-07;0.470103979111;0.612358808517;0.322882890701
benchmarks_dot;3;4992;0.0;0.469767093658;0.634402990341;0.344408988953
benchmarks_dot;4;4992;0.0;0.46989107132;0.612663030624;0.34566783905
benchmarks_dot;5;4992;0.0;0.470050096512;0.632402896881;0.423539876938
benchmarks_dot;6;4992;9.53674316406e-07;0.469852924347;0.61160993576;0.323421001434
benchmarks_dot;7;4992;9.53674316406e-07;0.469833135605;0.612074136734;0.323035955429
benchmarks_dot;8;4992;0.0;0.489937067032;0.631925106049;0.445766925812
benchmarks_dot;9;4992;0.0;0.469881057739;0.631957054138;0.32334113121
benchmarks_dot;0;5120;1.90734863281e-06;0.711790084839;1.28195810318;0.696707963943
benchmarks_dot;1;5120;0.0;0.529852151871;0.675500154495;0.494358062744
benchmarks_dot;2;5120;0.0;0.509845972061;0.675753116608;0.331398010254
benchmarks_dot;3;5120;9.53674316406e-07;0.509817838669;0.65968298912;0.350267887115
benchmarks_dot;4;5120;9.53674316406e-07;0.529905080795;0.696328878403;0.451569080353
benchmarks_dot;5;5120;0.0;0.509768009186;0.655418872833;0.431284189224
benchmarks_dot;6;5120;0.0;0.52991104126;0.676218032837;0.330670118332
benchmarks_dot;7;5120;0.0;0.529861927032;0.675664901733;0.451570034027
benchmarks_dot;8;5120;0.0;0.509790897369;0.655797958374;0.33104801178
benchmarks_dot;9;5120;0.0;0.509770154953;0.675323009491;0.331233978271
benchmarks_dot;0;5248;3.09944152832e-06;0.612129926682;1.19394993782;0.704246997833
benchmarks_dot;1;5248;9.53674316406e-07;0.570166110992;0.747493982315;0.521562099457
benchmarks_dot;2;5248;9.53674316406e-07;0.570321083069;0.745754957199;0.360635042191
benchmarks_dot;3;5248;9.53674316406e-07;0.570261955261;0.74725484848;0.360776901245
benchmarks_dot;4;5248;0.0;0.570183992386;0.751523017883;0.38202881813
benchmarks_dot;5;5248;9.53674316406e-07;0.570329904556;0.751701116562;0.380290031433
benchmarks_dot;6;5248;1.90734863281e-06;0.570218086243;0.748265981674;0.48087310791
benchmarks_dot;7;5248;0.0;0.570211172104;0.752189159393;0.560961008072
benchmarks_dot;8;5248;9.53674316406e-07;0.570269107819;0.751456975937;0.37915802002
benchmarks_dot;9;5248;0.0;0.570284128189;0.747047901154;0.480312108994
benchmarks_dot;0;5376;2.86102294922e-06;0.651290178299;1.22880601883;0.733870029449
benchmarks_dot;1;5376;9.53674316406e-07;0.630225896835;0.781984090805;0.546290874481
benchmarks_dot;2;5376;0.0;0.630219936371;0.781756877899;0.344290971756
benchmarks_dot;3;5376;9.53674316406e-07;0.630237817764;0.782013177872;0.364364147186
benchmarks_dot;4;5376;0.0;0.610380172729;0.761626958847;0.442883014679
benchmarks_dot;5;5376;0.0;0.610419988632;0.761748075485;0.342401027679
benchmarks_dot;6;5376;9.53674316406e-07;0.630199193954;0.782245159149;0.482214927673
benchmarks_dot;7;5376;0.0;0.630187034607;0.801568031311;0.341956138611
benchmarks_dot;8;5376;1.19209289551e-06;0.630197048187;0.801629066467;0.462309122086
benchmarks_dot;9;5376;9.53674316406e-07;0.630452871323;0.800707817078;0.462946891785
benchmarks_dot;0;5504;3.09944152832e-06;0.65180683136;1.25192403793;0.761579990387
benchmarks_dot;1;5504;0.0;0.610170125961;0.805513143539;0.571218967438
benchmarks_dot;2;5504;9.53674316406e-07;0.610368967056;0.785747051239;0.389037132263
benchmarks_dot;3;5504;0.0;0.610502958298;0.805837154388;0.389985084534
benchmarks_dot;4;5504;9.53674316406e-07;0.610122919083;0.785075902939;0.49430513382
benchmarks_dot;5;5504;0.0;0.610155105591;0.785172939301;0.388910055161
benchmarks_dot;6;5504;0.0;0.610239028931;0.785237073898;0.389544963837
benchmarks_dot;7;5504;0.0;0.610743045807;0.785802125931;0.488878965378
benchmarks_dot;8;5504;9.53674316406e-07;0.590281009674;0.765480041504;0.38934803009
benchmarks_dot;9;5504;9.53674316406e-07;0.610230922699;0.785253047943;0.509934186935
benchmarks_dot;0;5632;2.86102294922e-06;0.733751058578;1.41547894478;0.81381893158
benchmarks_dot;1;5632;9.53674316406e-07;0.650884151459;0.848858118057;0.696783065796
benchmarks_dot;2;5632;9.53674316406e-07;0.650369167328;0.828989982605;0.415698051453
benchmarks_dot;3;5632;0.0;0.650294065475;0.849081039429;0.396636009216
benchmarks_dot;4;5632;9.53674316406e-07;0.650279998779;0.828200817108;0.535997152328
benchmarks_dot;5;5632;0.0;0.650876998901;0.849573850632;0.420927047729
benchmarks_dot;6;5632;9.53674316406e-07;0.670434951782;0.868278026581;0.535776853561
benchmarks_dot;7;5632;0.0;0.650356054306;0.848253965378;0.435183048248
benchmarks_dot;8;5632;1.09672546387e-05;0.650499820709;0.828965902328;0.515735864639
benchmarks_dot;9;5632;0.0;0.650274991989;0.828665971756;0.395509958267
benchmarks_dot;0;5760;1.90734863281e-06;0.734519958496;1.37565493584;0.817341089249
benchmarks_dot;1;5760;9.53674316406e-07;0.690793991089;0.881100177765;0.706186056137
benchmarks_dot;2;5760;0.0;0.69095993042;0.882384061813;0.425365924835
benchmarks_dot;3;5760;0.0;0.690911054611;0.902954101562;0.471437931061
benchmarks_dot;4;5760;9.53674316406e-07;0.691020965576;0.881414175034;0.426745176315
benchmarks_dot;5;5760;9.53674316406e-07;0.710963010788;0.900239229202;0.543448925018
benchmarks_dot;6;5760;0.0;0.690990924835;0.90322303772;0.587213993073
benchmarks_dot;7;5760;9.53674316406e-07;0.691012859344;0.881908178329;0.610523939133
benchmarks_dot;8;5760;9.53674316406e-07;0.690963029861;0.882759809494;0.594751834869
benchmarks_dot;9;5760;9.53674316406e-07;0.690812110901;0.888374090195;0.587113142014
benchmarks_dot;0;5888;3.09944152832e-06;0.795331954956;1.46323800087;0.772603988647
benchmarks_dot;1;5888;0.0;0.771178007126;0.985110044479;0.658050060272
benchmarks_dot;2;5888;0.0;0.751317977905;0.967993021011;0.481332063675
benchmarks_dot;3;5888;0.0;0.731055021286;0.94428396225;0.480185985565
benchmarks_dot;4;5888;9.53674316406e-07;0.750962018967;0.965507984161;0.477848768234
benchmarks_dot;5;5888;0.0;0.751039028168;0.970060110092;0.478101968765
benchmarks_dot;6;5888;9.53674316406e-07;0.751313209534;0.965775966644;0.519806146622
benchmarks_dot;7;5888;1.90734863281e-06;0.751245975494;0.969063043594;0.52023100853
benchmarks_dot;8;5888;1.90734863281e-06;0.751163959503;0.966041088104;0.483580827713
benchmarks_dot;9;5888;0.0;0.730989933014;0.953063011169;0.522959947586
benchmarks_dot;0;6016;3.09944152832e-06;0.875498056412;1.58584403992;0.774139165878
benchmarks_dot;1;6016;9.53674316406e-07;0.791282892227;1.0115339756;0.704090833664
benchmarks_dot;2;6016;9.53674316406e-07;0.771418094635;0.990945100784;0.498462915421
benchmarks_dot;3;6016;0.0;0.771196842194;0.988564014435;0.517551898956
benchmarks_dot;4;6016;9.53674316406e-07;0.771193027496;0.98789691925;0.484477996826
benchmarks_dot;5;6016;9.53674316406e-07;0.771342992783;0.985281944275;0.561079978943
benchmarks_dot;6;6016;1.19209289551e-06;0.771171092987;0.994117975235;0.50409913063
benchmarks_dot;7;6016;9.53674316406e-07;0.791306972504;1.01454901695;0.485699892044
benchmarks_dot;8;6016;9.53674316406e-07;0.791445970535;1.01087498665;0.485124826431
benchmarks_dot;9;6016;1.19209289551e-06;0.791238069534;0.992037057877;0.480464935303
benchmarks_dot;0;6144;2.86102294922e-06;1.05632591248;1.75012397766;0.807814121246
benchmarks_dot;1;6144;0.0;1.01234984398;1.23574590683;0.706434011459
benchmarks_dot;2;6144;9.53674316406e-07;1.01251506805;1.23306107521;0.509006023407
benchmarks_dot;3;6144;1.19209289551e-06;1.03274798393;1.25635004044;0.507183074951
benchmarks_dot;4;6144;9.53674316406e-07;1.01233887672;1.23301100731;0.568562030792
benchmarks_dot;5;6144;9.53674316406e-07;0.992264032364;1.21294999123;0.552097082138
benchmarks_dot;6;6144;0.0;0.992478847504;1.19935083389;0.512006998062
benchmarks_dot;7;6144;9.53674316406e-07;1.01244091988;1.23912501335;0.490525007248
benchmarks_dot;8;6144;0.0;1.01231002808;1.23863887787;0.490171909332
benchmarks_dot;9;6144;9.53674316406e-07;0.992047071457;1.21911811829;0.492851018906
benchmarks_dot;0;6272;2.86102294922e-06;0.89651799202;1.61277985573;0.862872123718
benchmarks_dot;1;6272;1.19209289551e-06;0.891710042953;1.11653995514;0.746455907822
benchmarks_dot;2;6272;0.0;0.871778011322;1.09555912018;0.569962024689
benchmarks_dot;3;6272;9.53674316406e-07;0.891767978668;1.11874985695;0.584664106369
benchmarks_dot;4;6272;9.53674316406e-07;0.871761083603;1.10505890846;0.586442947388
benchmarks_dot;5;6272;0.0;0.87168598175;1.08292508125;0.527160167694
benchmarks_dot;6;6272;0.0;0.871721982956;1.12612485886;0.525796890259
benchmarks_dot;7;6272;9.53674316406e-07;0.871726036072;1.12635779381;0.526108026505
benchmarks_dot;8;6272;9.53674316406e-07;0.871952056885;1.12675595284;0.526365041733
benchmarks_dot;9;6272;9.53674316406e-07;0.871718168259;1.08304095268;0.50411605835
benchmarks_dot;0;6400;1.00135803223e-05;0.955566167831;1.67594599724;0.892112970352
benchmarks_dot;1;6400;9.53674316406e-07;0.931326150894;1.17034816742;0.739282131195
benchmarks_dot;2;6400;9.53674316406e-07;0.931397914886;1.15140008926;0.518143177032
benchmarks_dot;3;6400;0.0;0.93167090416;1.16952180862;0.516324043274
benchmarks_dot;4;6400;9.53674316406e-07;0.931403875351;1.17055702209;0.557830095291
benchmarks_dot;5;6400;0.0;0.931452035904;1.14991283417;0.516051054001
benchmarks_dot;6;6400;9.53674316406e-07;0.931589126587;1.15052914619;0.51820898056
benchmarks_dot;7;6400;9.53674316406e-07;0.911284923553;1.15017795563;0.536352157593
benchmarks_dot;8;6400;9.53674316406e-07;0.931397199631;1.15131902695;0.518716096878
benchmarks_dot;9;6400;9.53674316406e-07;0.911652088165;1.1490790844;0.536326885223
benchmarks_dot;0;6528;3.09944152832e-06;0.995357990265;1.73408913612;0.959271907806
benchmarks_dot;1;6528;0.0;0.9514939785;1.19441580772;0.746153831482
benchmarks_dot;2;6528;0.0;0.951486110687;1.17471408844;0.524449110031
benchmarks_dot;3;6528;9.53674316406e-07;0.971807956696;1.19493818283;0.525895118713
benchmarks_dot;4;6528;9.53674316406e-07;0.971758842468;1.19374895096;0.584127902985
benchmarks_dot;5;6528;0.0;0.951560974121;1.17467188835;0.524494171143
benchmarks_dot;6;6528;9.53674316406e-07;0.971919059753;1.1948788166;0.524489879608
benchmarks_dot;7;6528;0.0;0.951695919037;1.17531991005;0.524870872498
benchmarks_dot;8;6528;0.0;0.971513032913;1.1946349144;0.524740934372
benchmarks_dot;9;6528;9.53674316406e-07;0.971508026123;1.19387602806;0.523917913437
benchmarks_dot;0;6656;3.09944152832e-06;1.07480597496;1.82950901985;0.974974155426
benchmarks_dot;1;6656;9.53674316406e-07;1.05246901512;1.31217503548;0.822654008865
benchmarks_dot;2;6656;0.0;1.03282809258;1.29276108742;0.641165018082
benchmarks_dot;3;6656;9.53674316406e-07;1.05253195763;1.30750703812;0.660943984985
benchmarks_dot;4;6656;9.53674316406e-07;1.03269195557;1.27681589127;0.626680850983
benchmarks_dot;5;6656;9.53674316406e-07;1.05282115936;1.3188829422;0.566519975662
benchmarks_dot;6;6656;0.0;1.0726749897;1.33783698082;0.587993860245
benchmarks_dot;7;6656;1.19209289551e-06;1.03273797035;1.29693889618;0.564866065979
benchmarks_dot;8;6656;9.53674316406e-07;1.03251695633;1.29454493523;0.584202051163
benchmarks_dot;9;6656;0.0;1.05246710777;1.296833992;0.599786043167
benchmarks_dot;0;6784;3.09944152832e-06;1.09452581406;1.85130095482;0.983167171478
benchmarks_dot;1;6784;1.19209289551e-06;1.07242107391;1.30290484428;0.835937023163
benchmarks_dot;2;6784;9.53674316406e-07;1.03202009201;1.26188898087;0.641003131866
benchmarks_dot;3;6784;9.53674316406e-07;1.05186700821;1.28199386597;0.58025598526
benchmarks_dot;4;6784;1.19209289551e-06;1.05172204971;1.30227708817;0.603741168976
benchmarks_dot;5;6784;9.53674316406e-07;1.07191205025;1.30267906189;0.600659132004
benchmarks_dot;6;6784;0.0;1.05184602737;1.30325388908;0.559868812561
benchmarks_dot;7;6784;0.0;1.03171181679;1.26194596291;0.579319953918
benchmarks_dot;8;6784;0.0;1.05202913284;1.28201603889;0.561053037643
benchmarks_dot;9;6784;1.19209289551e-06;1.05211114883;1.30228114128;0.579869031906
benchmarks_dot;0;6912;3.09944152832e-06;1.17567396164;1.97376084328;1.03857398033
benchmarks_dot;1;6912;0.0;1.13187599182;1.39425611496;0.85683298111
benchmarks_dot;2;6912;0.0;1.15302801132;1.42261505127;0.644424200058
benchmarks_dot;3;6912;0.0;1.15309596062;1.41588592529;0.595500946045
benchmarks_dot;4;6912;9.53674316406e-07;1.13323807716;1.39887404442;0.635421037674
benchmarks_dot;5;6912;9.53674316406e-07;1.15286707878;1.4051990509;0.675812005997
benchmarks_dot;6;6912;0.0;1.15314793587;1.40313005447;0.592939853668
benchmarks_dot;7;6912;9.53674316406e-07;1.15336489677;1.41087698936;0.660273075104
benchmarks_dot;8;6912;9.53674316406e-07;1.15340209007;1.40380692482;0.597743988037
benchmarks_dot;9;6912;1.19209289551e-06;1.13313484192;1.40555500984;0.622175931931
benchmarks_dot;0;7040;2.86102294922e-06;1.37452101707;2.17322707176;1.0685300827
benchmarks_dot;1;7040;0.0;1.25267601013;1.51100301743;0.877870798111
benchmarks_dot;2;7040;9.53674316406e-07;1.27275919914;1.55136108398;0.633687973022
benchmarks_dot;3;7040;1.19209289551e-06;1.25290703773;1.5100479126;0.673374176025
benchmarks_dot;4;7040;0.0;1.27293181419;1.52997112274;0.63220000267
benchmarks_dot;5;7040;9.53674316406e-07;1.25290513039;1.50925397873;0.630808115005
benchmarks_dot;6;7040;9.53674316406e-07;1.25260400772;1.50923895836;0.631649017334
benchmarks_dot;7;7040;1.19209289551e-06;1.25265812874;1.52955317497;0.63259100914
benchmarks_dot;8;7040;0.0;1.25265789032;1.53003191948;0.629931926727
benchmarks_dot;9;7040;0.0;1.25262713432;1.52942299843;0.631523132324
benchmarks_dot;0;7168;2.86102294922e-06;1.51580905914;2.34195995331;1.10059595108
benchmarks_dot;1;7168;0.0;1.51432585716;1.78377604485;0.903604030609
benchmarks_dot;2;7168;9.53674316406e-07;1.49496006966;1.76303911209;0.654253005981
benchmarks_dot;3;7168;0.0;1.49404191971;1.76172089577;0.66464304924
benchmarks_dot;4;7168;0.0;1.51480913162;1.78532409668;0.721090078354
benchmarks_dot;5;7168;9.53674316406e-07;1.51461291313;1.8127450943;0.682932138443
benchmarks_dot;6;7168;0.0;1.4947040081;1.79329299927;0.687031984329
benchmarks_dot;7;7168;0.0;1.49469709396;1.79513502121;0.692842960358
benchmarks_dot;8;7168;0.0;1.49480986595;1.79275298119;0.693593025208
benchmarks_dot;9;7168;9.53674316406e-07;1.51483416557;1.81054115295;0.670183897018
benchmarks_dot;0;7296;2.86102294922e-06;1.43806815147;2.26779103279;1.13730812073
benchmarks_dot;1;7296;0.0;1.39387607574;1.69326114655;0.991827964783
benchmarks_dot;2;7296;0.0;1.4143269062;1.71242690086;0.665141105652
benchmarks_dot;3;7296;9.53674316406e-07;1.41446995735;1.67906308174;0.718218803406
benchmarks_dot;4;7296;9.53674316406e-07;1.39435195923;1.67912602425;0.7276699543
benchmarks_dot;5;7296;9.53674316406e-07;1.3944849968;1.64581990242;0.759320020676
benchmarks_dot;6;7296;0.0;1.3944709301;1.69906997681;0.706187009811
benchmarks_dot;7;7296;1.19209289551e-06;1.39425611496;1.69166111946;0.680016040802
benchmarks_dot;8;7296;9.53674316406e-07;1.39421796799;1.67923998833;0.704478979111
benchmarks_dot;9;7296;1.19209289551e-06;1.39433813095;1.69880914688;0.683956861496
benchmarks_dot;0;7424;3.09944152832e-06;1.59903097153;2.47877287865;1.18888998032
benchmarks_dot;1;7424;0.0;1.57516288757;1.88042998314;1.01389718056
benchmarks_dot;2;7424;0.0;1.59527492523;1.89410018921;0.683626890182
benchmarks_dot;3;7424;1.19209289551e-06;1.57511496544;1.87804198265;0.712311983109
benchmarks_dot;4;7424;9.53674316406e-07;1.55512595177;1.85829210281;0.709743022919
benchmarks_dot;5;7424;9.53674316406e-07;1.5954310894;1.90029096603;0.791548013687
benchmarks_dot;6;7424;9.53674316406e-07;1.57506394386;1.87772798538;0.792638063431
benchmarks_dot;7;7424;9.53674316406e-07;1.57541108131;1.87642788887;0.725370883942
benchmarks_dot;8;7424;9.53674316406e-07;1.57518911362;1.87754797935;0.713247060776
benchmarks_dot;9;7424;9.53674316406e-07;1.57520198822;1.88377594948;0.713837862015
benchmarks_dot;0;7552;1.90734863281e-06;1.65967106819;2.52633905411;1.17656683922
benchmarks_dot;1;7552;9.53674316406e-07;1.61524486542;1.92004489899;1.02137708664
benchmarks_dot;2;7552;1.19209289551e-06;1.61538982391;1.89922595024;0.756903171539
benchmarks_dot;3;7552;9.53674316406e-07;1.61542606354;1.92918610573;0.714111089706
benchmarks_dot;4;7552;0.0;1.59565615654;1.89808297157;0.794455051422
benchmarks_dot;5;7552;0.0;1.61517691612;1.9198050499;0.783661842346
benchmarks_dot;6;7552;9.53674316406e-07;1.61538791656;1.92103695869;0.714692115784
benchmarks_dot;7;7552;9.53674316406e-07;1.61538100243;1.90511393547;0.777661085129
benchmarks_dot;8;7552;9.53674316406e-07;1.61528587341;1.94927501678;0.715351104736
benchmarks_dot;9;7552;9.53674316406e-07;1.59545397758;1.92880177498;0.713808059692
benchmarks_dot;0;7680;3.09944152832e-06;1.49819302559;2.40342307091;1.24758601189
benchmarks_dot;1;7680;9.53674316406e-07;1.47468996048;1.81176686287;1.09058618546
benchmarks_dot;2;7680;9.53674316406e-07;1.47448086739;1.7823638916;0.721544981003
benchmarks_dot;3;7680;9.53674316406e-07;1.47451305389;1.78534412384;0.731131792068
benchmarks_dot;4;7680;0.0;1.49491596222;1.8051109314;0.801817893982
benchmarks_dot;5;7680;1.19209289551e-06;1.4547188282;1.78885316849;0.811189174652
benchmarks_dot;6;7680;9.53674316406e-07;1.47456002235;1.78102302551;0.842787981033
benchmarks_dot;7;7680;0.0;1.4947450161;1.80616807938;0.748363018036
benchmarks_dot;8;7680;9.53674316406e-07;1.47470402718;1.78132891655;0.831661939621
benchmarks_dot;9;7680;9.53674316406e-07;1.47373199463;1.81091594696;0.770193099976
benchmarks_dot;0;7808;2.86102294922e-06;1.53812885284;2.44136118889;1.28742980957
benchmarks_dot;1;7808;9.53674316406e-07;1.51489901543;1.84899187088;1.10389208794
benchmarks_dot;2;7808;0.0;1.5144610405;1.85094499588;0.79361987114
benchmarks_dot;3;7808;9.53674316406e-07;1.51481986046;1.85284900665;0.766548871994
benchmarks_dot;4;7808;9.53674316406e-07;1.51503181458;1.85020804405;0.795095920563
benchmarks_dot;5;7808;0.0;1.51492905617;1.87092089653;0.830700874329
benchmarks_dot;6;7808;9.53674316406e-07;1.49458909035;1.78511404991;0.851440906525
benchmarks_dot;7;7808;0.0;1.51344585419;1.84862399101;0.787338018417
benchmarks_dot;8;7808;0.0;1.51488995552;1.83999300003;0.742563009262
benchmarks_dot;9;7808;9.53674316406e-07;1.51475191116;1.84995484352;0.829873085022
benchmarks_dot;0;7936;3.09944152832e-06;1.63688993454;2.58829784393;1.31446385384
benchmarks_dot;1;7936;0.0;1.61573505402;1.95438504219;1.12264108658
benchmarks_dot;2;7936;9.53674316406e-07;1.61565995216;1.95449995995;0.795029878616
benchmarks_dot;3;7936;0.0;1.61535716057;1.95649409294;0.825014829636
benchmarks_dot;4;7936;9.53674316406e-07;1.6141679287;1.92493104935;0.838495969772
benchmarks_dot;5;7936;9.53674316406e-07;1.59551000595;1.94986796379;0.775439023972
benchmarks_dot;6;7936;9.53674316406e-07;1.63550710678;1.97330999374;0.838428974152
benchmarks_dot;7;7936;9.53674316406e-07;1.63552999496;1.96891093254;0.841467142105
benchmarks_dot;8;7936;0.0;1.61510491371;1.952906847;0.881930828094
benchmarks_dot;9;7936;0.0;1.5951769352;1.92907691002;0.80066204071
benchmarks_dot;0;8064;2.14576721191e-06;1.67704701424;2.63347101212;1.37289690971
benchmarks_dot;1;8064;0.0;1.63534998894;1.98358416557;1.18367099762
benchmarks_dot;2;8064;0.0;1.61520814896;1.95662617683;0.80805015564
benchmarks_dot;3;8064;1.90734863281e-06;1.6355099678;1.95894908905;0.831915855408
benchmarks_dot;4;8064;1.19209289551e-06;1.63560605049;1.98165893555;0.913785934448
benchmarks_dot;5;8064;9.53674316406e-07;1.61489295959;1.95762991905;0.807632923126
benchmarks_dot;6;8064;9.53674316406e-07;1.6356549263;1.97963905334;0.798700094223
benchmarks_dot;7;8064;9.53674316406e-07;1.63376188278;1.97636389732;0.853273153305
benchmarks_dot;8;8064;0.0;1.63457584381;1.98206996918;0.826933860779
benchmarks_dot;9;8064;9.53674316406e-07;1.65387797356;1.98811888695;0.805232048035
benchmarks_dot;0;8192;4.05311584473e-06;2.41938495636;3.49819207191;1.40556907654
benchmarks_dot;1;8192;0.0;2.41679286957;2.75722384453;1.17026185989
benchmarks_dot;2;8192;0.0;2.4167599678;2.75576400757;0.834691047668
benchmarks_dot;3;8192;0.0;2.41679692268;2.75772094727;0.826642036438
benchmarks_dot;4;8192;0.0;2.39667105675;2.73750114441;0.876967906952
benchmarks_dot;5;8192;0.0;2.39670801163;2.73608899117;0.836637020111
benchmarks_dot;6;8192;0.0;2.37656998634;2.71591591835;0.813946008682
benchmarks_dot;7;8192;0.0;2.41677880287;2.7575981617;0.835412025452
benchmarks_dot;8;8192;0.0;2.41674995422;2.75666499138;0.82986998558
benchmarks_dot;9;8192;0.0;2.37658715248;2.71659708023;0.826237916946
