benchmark;id;elements;numpy;pymic;pymic kernel
numpy_dot;0;128;0.0114839076996;9.53674316406e-07;9.53674316406e-07
numpy_dot;1;128;0.000358819961548;0.0;0.0
numpy_dot;2;128;0.000322103500366;0.0;0.0
numpy_dot;3;128;0.000313997268677;1.19209289551e-06;0.0
numpy_dot;4;128;0.000313997268677;0.0;9.53674316406e-07
numpy_dot;5;128;0.000327110290527;0.0;0.0
numpy_dot;6;128;0.000318050384521;0.0;0.0
numpy_dot;7;128;0.000313997268677;0.0;0.0
numpy_dot;8;128;0.00032114982605;9.53674316406e-07;0.0
numpy_dot;9;128;0.000323057174683;0.0;0.0
numpy_dot;10;128;0.00031590461731;0.0;0.0
numpy_dot;11;128;0.000317096710205;0.0;0.0
numpy_dot;12;128;0.000313997268677;0.0;0.0
numpy_dot;13;128;0.000319004058838;9.53674316406e-07;0.0
numpy_dot;14;128;0.000324010848999;0.0;0.0
numpy_dot;15;128;0.000324010848999;0.0;0.0
numpy_dot;16;128;0.000319957733154;9.53674316406e-07;0.0
numpy_dot;17;128;0.000336170196533;0.0;0.0
numpy_dot;18;128;0.00032901763916;0.0;0.0
numpy_dot;19;128;0.000333070755005;9.53674316406e-07;0.0
numpy_dot;20;128;0.000347137451172;0.0;0.0
numpy_dot;21;128;0.000330924987793;0.0;9.53674316406e-07
numpy_dot;22;128;0.000298976898193;0.0;1.19209289551e-06
numpy_dot;23;128;0.000306844711304;0.0;0.0
numpy_dot;24;128;0.000301122665405;0.0;0.0
numpy_dot;25;128;0.000298976898193;0.0;0.0
numpy_dot;26;128;0.00029993057251;0.0;0.0
numpy_dot;27;128;0.000298976898193;0.0;0.0
numpy_dot;28;128;0.000302076339722;9.53674316406e-07;0.0
numpy_dot;29;128;0.000307083129883;0.0;0.0
numpy_dot;30;128;0.000298976898193;0.0;0.0
numpy_dot;31;128;0.000298023223877;0.0;0.0
numpy_dot;32;128;0.000303030014038;6.91413879395e-06;9.53674316406e-07
numpy_dot;33;128;0.000296831130981;0.0;9.53674316406e-07
numpy_dot;34;128;0.000302076339722;0.0;0.0
numpy_dot;35;128;0.00029993057251;1.19209289551e-06;0.0
numpy_dot;36;128;0.000308990478516;0.0;0.0
numpy_dot;37;128;0.000293970108032;0.0;0.0
numpy_dot;38;128;0.000300884246826;0.0;0.0
numpy_dot;39;128;0.000308990478516;0.0;1.19209289551e-06
numpy_dot;40;128;0.000295877456665;0.0;0.0
numpy_dot;41;128;0.000302076339722;0.0;9.53674316406e-07
numpy_dot;42;128;0.000311136245728;0.0;9.53674316406e-07
numpy_dot;43;128;0.000303983688354;0.0;0.0
numpy_dot;44;128;0.000300168991089;9.53674316406e-07;0.0
numpy_dot;45;128;0.000309944152832;9.53674316406e-07;0.0
numpy_dot;46;128;0.000297784805298;0.0;1.19209289551e-06
numpy_dot;47;128;0.000295877456665;9.53674316406e-07;0.0
numpy_dot;48;128;0.000306129455566;0.0;0.0
numpy_dot;49;128;0.000306844711304;0.0;0.0
numpy_dot;50;128;0.000303030014038;0.0;0.0
numpy_dot;51;128;0.000304937362671;0.0;0.0
numpy_dot;52;128;0.000318050384521;0.0;0.0
numpy_dot;53;128;0.000288009643555;0.0;0.0
numpy_dot;54;128;0.000283002853394;0.0;0.0
numpy_dot;55;128;0.000297069549561;9.53674316406e-07;0.0
numpy_dot;56;128;0.000293016433716;0.0;0.0
numpy_dot;57;128;0.000297069549561;0.0;9.53674316406e-07
numpy_dot;58;128;0.000303030014038;0.0;0.0
numpy_dot;59;128;0.000292062759399;0.0;9.53674316406e-07
numpy_dot;60;128;0.000293970108032;0.0;0.0
numpy_dot;61;128;0.00029182434082;0.0;9.53674316406e-07
numpy_dot;62;128;0.000292062759399;0.0;0.0
numpy_dot;63;128;0.000294208526611;0.0;9.53674316406e-07
numpy_dot;64;128;0.000293970108032;0.0;0.0
numpy_dot;65;128;0.000297069549561;0.0;0.0
numpy_dot;66;128;0.000293970108032;9.53674316406e-07;0.0
numpy_dot;67;128;0.000294923782349;0.0;0.0
numpy_dot;68;128;0.000297069549561;9.53674316406e-07;0.0
numpy_dot;69;128;0.000289916992188;0.0;0.0
numpy_dot;70;128;0.00029182434082;0.0;0.0
numpy_dot;71;128;0.000298976898193;0.0;0.0
numpy_dot;72;128;0.000287055969238;0.0;0.0
numpy_dot;73;128;0.000290870666504;0.0;0.0
numpy_dot;74;128;0.000291109085083;9.53674316406e-07;0.0
numpy_dot;75;128;0.000298976898193;0.0;0.0
numpy_dot;76;128;0.000290155410767;9.53674316406e-07;0.0
numpy_dot;77;128;0.000293970108032;0.0;0.0
numpy_dot;78;128;0.000300884246826;0.0;0.0
numpy_dot;79;128;0.000291109085083;9.53674316406e-07;0.0
numpy_dot;80;128;0.000294923782349;0.0;9.53674316406e-07
numpy_dot;81;128;0.000292062759399;0.0;0.0
numpy_dot;82;128;0.000271081924438;0.0;9.53674316406e-07
numpy_dot;83;128;0.000272989273071;0.0;0.0
numpy_dot;84;128;0.000268936157227;0.0;0.0
numpy_dot;85;128;0.000301122665405;0.0;0.0
numpy_dot;86;128;0.000262022018433;0.0;0.0
numpy_dot;87;128;0.000263929367065;1.19209289551e-06;0.0
numpy_dot;88;128;0.000256061553955;9.53674316406e-07;0.0
numpy_dot;89;128;0.000248193740845;9.53674316406e-07;0.0
numpy_dot;90;128;0.000240802764893;0.0;0.0
numpy_dot;91;128;0.000241041183472;9.53674316406e-07;0.0
numpy_dot;92;128;0.000246047973633;9.53674316406e-07;0.0
numpy_dot;93;128;0.000241041183472;9.53674316406e-07;0.0
numpy_dot;94;128;0.000241994857788;0.0;0.0
numpy_dot;95;128;0.000243902206421;0.0;0.0
numpy_dot;96;128;0.000247001647949;0.0;0.0
numpy_dot;97;128;0.000241041183472;0.0;0.0
numpy_dot;98;128;0.00023889541626;0.0;0.0
numpy_dot;99;128;0.000241994857788;0.0;0.0
numpy_dot;0;256;0.000942945480347;1.19209289551e-06;0.0
numpy_dot;1;256;0.000795125961304;0.0;0.0
numpy_dot;2;256;0.000846862792969;1.19209289551e-06;0.0
numpy_dot;3;256;0.000824928283691;9.53674316406e-07;0.0
numpy_dot;4;256;0.000814199447632;0.0;0.0
numpy_dot;5;256;0.000858068466187;0.0;0.0
numpy_dot;6;256;0.000797033309937;9.53674316406e-07;0.0
numpy_dot;7;256;0.000790119171143;9.53674316406e-07;0.0
numpy_dot;8;256;0.000814914703369;0.0;0.0
numpy_dot;9;256;0.000795125961304;9.53674316406e-07;0.0
numpy_dot;10;256;0.000793933868408;9.53674316406e-07;0.0
numpy_dot;11;256;0.000821113586426;9.53674316406e-07;0.0
numpy_dot;12;256;0.000793933868408;9.53674316406e-07;0.0
numpy_dot;13;256;0.000802040100098;0.0;0.0
numpy_dot;14;256;0.000817060470581;0.0;0.0
numpy_dot;15;256;0.000783920288086;0.0;1.19209289551e-06
numpy_dot;16;256;0.000797033309937;0.0;0.0
numpy_dot;17;256;0.000823020935059;9.53674316406e-07;0.0
numpy_dot;18;256;0.000771999359131;0.0;0.0
numpy_dot;19;256;0.000767946243286;9.53674316406e-07;0.0
numpy_dot;20;256;0.000789165496826;0.0;0.0
numpy_dot;21;256;0.000773191452026;0.0;9.53674316406e-07
numpy_dot;22;256;0.000769138336182;0.0;0.0
numpy_dot;23;256;0.000792980194092;0.0;0.0
numpy_dot;24;256;0.000769853591919;9.53674316406e-07;0.0
numpy_dot;25;256;0.00103807449341;0.0;0.0
numpy_dot;26;256;0.000791072845459;0.0;0.0
numpy_dot;27;256;0.000776052474976;0.0;0.0
numpy_dot;28;256;0.000767946243286;0.0;0.0
numpy_dot;29;256;0.000787973403931;9.53674316406e-07;0.0
numpy_dot;30;256;0.000770092010498;0.0;0.0
numpy_dot;31;256;0.000746011734009;0.0;0.0
numpy_dot;32;256;0.000770807266235;1.19209289551e-06;0.0
numpy_dot;33;256;0.000752210617065;0.0;0.0
numpy_dot;34;256;0.000748157501221;0.0;0.0
numpy_dot;35;256;0.000766038894653;0.0;9.53674316406e-07
numpy_dot;36;256;0.00090503692627;0.0;0.0
numpy_dot;37;256;0.00075101852417;0.0;0.0
numpy_dot;38;256;0.000768899917603;0.0;0.0
numpy_dot;39;256;0.000752925872803;0.0;0.0
numpy_dot;40;256;0.000740051269531;0.0;9.53674316406e-07
numpy_dot;41;256;0.000772953033447;9.53674316406e-07;0.0
numpy_dot;42;256;0.00075888633728;0.0;0.0
numpy_dot;43;256;0.000731945037842;0.0;0.0
numpy_dot;44;256;0.000750064849854;0.0;0.0
numpy_dot;45;256;0.000779151916504;0.0;0.0
numpy_dot;46;256;0.000736951828003;0.0;0.0
numpy_dot;47;256;0.000753164291382;9.53674316406e-07;0.0
numpy_dot;48;256;0.000728845596313;0.0;1.19209289551e-06
numpy_dot;49;256;0.000733137130737;0.0;0.0
numpy_dot;50;256;0.00075101852417;1.19209289551e-06;0.0
numpy_dot;51;256;0.000735998153687;0.0;9.53674316406e-07
numpy_dot;52;256;0.000731229782104;0.0;9.53674316406e-07
numpy_dot;53;256;0.000751972198486;9.53674316406e-07;0.0
numpy_dot;54;256;0.000730991363525;0.0;9.53674316406e-07
numpy_dot;55;256;0.000732898712158;9.53674316406e-07;0.0
numpy_dot;56;256;0.000752925872803;0.0;0.0
numpy_dot;57;256;0.000716924667358;0.0;0.0
numpy_dot;58;256;0.000716924667358;0.0;0.0
numpy_dot;59;256;0.00073504447937;0.0;9.53674316406e-07
numpy_dot;60;256;0.000710010528564;0.0;0.0
numpy_dot;61;256;0.000720024108887;0.0;9.53674316406e-07
numpy_dot;62;256;0.000734090805054;0.0;0.0
numpy_dot;63;256;0.000722169876099;0.0;0.0
numpy_dot;64;256;0.000715017318726;0.0;9.53674316406e-07
numpy_dot;65;256;0.000735998153687;0.0;0.0
numpy_dot;66;256;0.000718832015991;0.0;0.0
numpy_dot;67;256;0.000714063644409;0.0;0.0
numpy_dot;68;256;0.000742197036743;0.0;0.0
numpy_dot;69;256;0.000728130340576;0.0;0.0
numpy_dot;70;256;0.000704050064087;0.0;0.0
numpy_dot;71;256;0.000718116760254;0.0;0.0
numpy_dot;72;256;0.000704050064087;0.0;0.0
numpy_dot;73;256;0.00070595741272;0.0;0.0
numpy_dot;74;256;0.000718832015991;0.0;0.0
numpy_dot;75;256;0.000702142715454;0.0;0.0
numpy_dot;76;256;0.000709056854248;0.0;9.53674316406e-07
numpy_dot;77;256;0.000720024108887;9.53674316406e-07;0.0
numpy_dot;78;256;0.000699996948242;0.0;0.0
numpy_dot;79;256;0.000709056854248;0.0;0.0
numpy_dot;80;256;0.000718832015991;0.0;0.0
numpy_dot;81;256;0.000704050064087;0.0;0.0
numpy_dot;82;256;0.000692844390869;0.0;0.0
numpy_dot;83;256;0.00071382522583;0.0;0.0
numpy_dot;84;256;0.000687122344971;9.53674316406e-07;0.0
numpy_dot;85;256;0.000682830810547;0.0;0.0
numpy_dot;86;256;0.000706911087036;0.0;0.0
numpy_dot;87;256;0.0113189220428;0.0;0.0
numpy_dot;88;256;0.00412392616272;0.0;0.0
numpy_dot;89;256;0.000728845596313;0.0;0.0
numpy_dot;90;256;0.000695943832397;0.0;0.0
numpy_dot;91;256;0.00071907043457;9.53674316406e-07;0.0
numpy_dot;92;256;0.000708103179932;0.0;0.0
numpy_dot;93;256;0.00068211555481;9.53674316406e-07;0.0
numpy_dot;94;256;0.000687837600708;0.0;0.0
numpy_dot;95;256;0.00070595741272;0.0;0.0
numpy_dot;96;256;0.000676870346069;0.0;0.0
numpy_dot;97;256;0.000680923461914;0.0;0.0
numpy_dot;98;256;0.000705003738403;0.0;0.0
numpy_dot;99;256;0.000677108764648;9.53674316406e-07;0.0
numpy_dot;0;384;0.00347495079041;0.0;0.0
numpy_dot;1;384;0.00142502784729;1.19209289551e-06;0.0
numpy_dot;2;384;0.00149178504944;0.0;0.0
numpy_dot;3;384;0.0015230178833;0.0;0.0
numpy_dot;4;384;0.00141787528992;0.0;0.0
numpy_dot;5;384;0.00145983695984;0.0;0.0
numpy_dot;6;384;0.00147008895874;0.0;0.0
numpy_dot;7;384;0.00138902664185;9.53674316406e-07;0.0
numpy_dot;8;384;0.00145196914673;0.0;0.0
numpy_dot;9;384;0.00148415565491;0.0;0.0
numpy_dot;10;384;0.00140309333801;0.0;0.0
numpy_dot;11;384;0.00145506858826;0.0;9.53674316406e-07
numpy_dot;12;384;0.00146198272705;0.0;0.0
numpy_dot;13;384;0.00135111808777;0.0;0.0
numpy_dot;14;384;0.00143504142761;0.0;9.53674316406e-07
numpy_dot;15;384;0.00147199630737;0.0;0.0
numpy_dot;16;384;0.00137090682983;0.0;9.53674316406e-07
numpy_dot;17;384;0.00145483016968;0.0;0.0
numpy_dot;18;384;0.00147008895874;0.0;0.0
numpy_dot;19;384;0.00133609771729;0.0;0.0
numpy_dot;20;384;0.00142097473145;0.0;1.19209289551e-06
numpy_dot;21;384;0.00141310691833;0.0;0.0
numpy_dot;22;384;0.00135397911072;0.0;0.0
numpy_dot;23;384;0.00142288208008;0.0;0.0
numpy_dot;24;384;0.00143504142761;0.0;0.0
numpy_dot;25;384;0.0013599395752;0.0;0.0
numpy_dot;26;384;0.00140500068665;9.53674316406e-07;0.0
numpy_dot;27;384;0.00142002105713;0.0;0.0
numpy_dot;28;384;0.00132489204407;0.0;0.0
numpy_dot;29;384;0.00139403343201;0.0;0.0
numpy_dot;30;384;0.00139999389648;9.53674316406e-07;0.0
numpy_dot;31;384;0.0013279914856;9.53674316406e-07;0.0
numpy_dot;32;384;0.00140690803528;0.0;0.0
numpy_dot;33;384;0.00139403343201;9.53674316406e-07;0.0
numpy_dot;34;384;0.00131916999817;0.0;0.0
numpy_dot;35;384;0.00135207176208;0.0;0.0
numpy_dot;36;384;0.00139307975769;0.0;0.0
numpy_dot;37;384;0.00131392478943;0.0;0.0
numpy_dot;38;384;0.00136208534241;0.0;0.0
numpy_dot;39;384;0.00153207778931;0.0;0.0
numpy_dot;40;384;0.00132584571838;0.0;1.19209289551e-06
numpy_dot;41;384;0.001384973526;0.0;1.19209289551e-06
numpy_dot;42;384;0.00139307975769;9.53674316406e-07;0.0
numpy_dot;43;384;0.00130796432495;0.0;0.0
numpy_dot;44;384;0.00138711929321;0.0;0.0
numpy_dot;45;384;0.00139307975769;0.0;9.53674316406e-07
numpy_dot;46;384;0.00130605697632;0.0;0.0
numpy_dot;47;384;0.00138592720032;0.0;9.53674316406e-07
numpy_dot;48;384;0.00139403343201;9.53674316406e-07;0.0
numpy_dot;49;384;0.00131797790527;0.0;0.0
numpy_dot;50;384;0.00137186050415;0.0;0.0
numpy_dot;51;384;0.00138187408447;0.0;0.0
numpy_dot;52;384;0.00129199028015;0.0;0.0
numpy_dot;53;384;0.00137519836426;0.0;0.0
numpy_dot;54;384;0.00138306617737;0.0;0.0
numpy_dot;55;384;0.00131702423096;0.0;0.0
numpy_dot;56;384;0.00137400627136;0.0;9.53674316406e-07
numpy_dot;57;384;0.0014009475708;0.0;0.0
numpy_dot;58;384;0.00131297111511;0.0;0.0
numpy_dot;59;384;0.001384973526;0.0;9.53674316406e-07
numpy_dot;60;384;0.00139999389648;9.53674316406e-07;0.0
numpy_dot;61;384;0.00130081176758;0.0;0.0
numpy_dot;62;384;0.00136208534241;0.0;0.0
numpy_dot;63;384;0.00139808654785;0.0;0.0
numpy_dot;64;384;0.00131607055664;0.0;0.0
numpy_dot;65;384;0.00136613845825;9.53674316406e-07;0.0
numpy_dot;66;384;0.00139093399048;0.0;0.0
numpy_dot;67;384;0.00130701065063;0.0;9.53674316406e-07
numpy_dot;68;384;0.00138401985168;0.0;0.0
numpy_dot;69;384;0.00138711929321;9.53674316406e-07;0.0
numpy_dot;70;384;0.00130915641785;0.0;0.0
numpy_dot;71;384;0.00136804580688;0.0;0.0
numpy_dot;72;384;0.00138521194458;0.0;0.0
numpy_dot;73;384;0.00129699707031;0.0;0.0
numpy_dot;74;384;0.00138878822327;0.0;0.0
numpy_dot;75;384;0.00140190124512;0.0;0.0
numpy_dot;76;384;0.00128889083862;0.0;0.0
numpy_dot;77;384;0.00135803222656;0.0;0.0
numpy_dot;78;384;0.00138211250305;0.0;0.0
numpy_dot;79;384;0.00130200386047;0.0;0.0
numpy_dot;80;384;0.00136280059814;1.19209289551e-06;0.0
numpy_dot;81;384;0.00141501426697;0.0;0.0
numpy_dot;82;384;0.00132012367249;0.0;0.0
numpy_dot;83;384;0.00137400627136;0.0;0.0
numpy_dot;84;384;0.00139307975769;0.0;0.0
numpy_dot;85;384;0.00131893157959;0.0;0.0
numpy_dot;86;384;0.00138092041016;0.0;0.0
numpy_dot;87;384;0.00137805938721;0.0;0.0
numpy_dot;88;384;0.00129699707031;9.53674316406e-07;0.0
numpy_dot;89;384;0.00138115882874;0.0;0.0
numpy_dot;90;384;0.00139594078064;0.0;0.0
numpy_dot;91;384;0.00130796432495;9.53674316406e-07;0.0
numpy_dot;92;384;0.00137686729431;0.0;0.0
numpy_dot;93;384;0.00139784812927;1.19209289551e-06;0.0
numpy_dot;94;384;0.00130605697632;0.0;0.0
numpy_dot;95;384;0.00136280059814;1.19209289551e-06;0.0
numpy_dot;96;384;0.00137901306152;0.0;0.0
numpy_dot;97;384;0.00130391120911;0.0;0.0
numpy_dot;98;384;0.00137591362;0.0;0.0
numpy_dot;99;384;0.0014111995697;9.53674316406e-07;0.0
numpy_dot;0;512;0.00672197341919;1.19209289551e-06;9.53674316406e-07
numpy_dot;1;512;0.00267100334167;0.0;0.0
numpy_dot;2;512;0.00244498252869;9.53674316406e-07;0.0
numpy_dot;3;512;0.00234699249268;9.53674316406e-07;0.0
numpy_dot;4;512;0.00236701965332;0.0;0.0
numpy_dot;5;512;0.00241589546204;0.0;0.0
numpy_dot;6;512;0.00234198570251;0.0;0.0
numpy_dot;7;512;0.00237703323364;0.0;0.0
numpy_dot;8;512;0.00241208076477;0.0;0.0
numpy_dot;9;512;0.00232791900635;0.0;0.0
numpy_dot;10;512;0.00236487388611;0.0;0.0
numpy_dot;11;512;0.0024139881134;0.0;9.53674316406e-07
numpy_dot;12;512;0.00234699249268;0.0;0.0
numpy_dot;13;512;0.00251913070679;0.0;9.53674316406e-07
numpy_dot;14;512;0.00241804122925;0.0;0.0
numpy_dot;15;512;0.0023500919342;9.53674316406e-07;0.0
numpy_dot;16;512;0.00236010551453;0.0;0.0
numpy_dot;17;512;0.00241804122925;0.0;0.0
numpy_dot;18;512;0.00234699249268;9.53674316406e-07;0.0
numpy_dot;19;512;0.00237703323364;0.0;0.0
numpy_dot;20;512;0.00242280960083;0.0;0.0
numpy_dot;21;512;0.0023410320282;0.0;0.0
numpy_dot;22;512;0.00237202644348;0.0;0.0
numpy_dot;23;512;0.0024209022522;0.0;0.0
numpy_dot;24;512;0.00233888626099;0.0;0.0
numpy_dot;25;512;0.00235605239868;9.53674316406e-07;0.0
numpy_dot;26;512;0.00241112709045;0.0;0.0
numpy_dot;27;512;0.00233817100525;0.0;0.0
numpy_dot;28;512;0.0023500919342;0.0;0.0
numpy_dot;29;512;0.00242304801941;0.0;0.0
numpy_dot;30;512;0.00232887268066;1.19209289551e-06;0.0
numpy_dot;31;512;0.00236701965332;9.53674316406e-07;0.0
numpy_dot;32;512;0.00242400169373;0.0;0.0
numpy_dot;33;512;0.00233197212219;0.0;0.0
numpy_dot;34;512;0.00236892700195;0.0;0.0
numpy_dot;35;512;0.00240898132324;9.53674316406e-07;0.0
numpy_dot;36;512;0.00233602523804;0.0;0.0
numpy_dot;37;512;0.00236296653748;0.0;0.0
numpy_dot;38;512;0.00242495536804;0.0;0.0
numpy_dot;39;512;0.00234413146973;9.53674316406e-07;0.0
numpy_dot;40;512;0.00237393379211;0.0;0.0
numpy_dot;41;512;0.00241017341614;0.0;9.53674316406e-07
numpy_dot;42;512;0.00233101844788;0.0;0.0
numpy_dot;43;512;0.00235891342163;0.0;0.0
numpy_dot;44;512;0.00242185592651;0.0;0.0
numpy_dot;45;512;0.00234889984131;0.0;0.0
numpy_dot;46;512;0.002366065979;0.0;0.0
numpy_dot;47;512;0.00241613388062;0.0;0.0
numpy_dot;48;512;0.00234794616699;0.0;0.0
numpy_dot;49;512;0.00236511230469;9.53674316406e-07;0.0
numpy_dot;50;512;0.00240802764893;0.0;0.0
numpy_dot;51;512;0.00233602523804;9.53674316406e-07;0.0
numpy_dot;52;512;0.00237083435059;0.0;0.0
numpy_dot;53;512;0.00240087509155;0.0;0.0
numpy_dot;54;512;0.00234293937683;0.0;0.0
numpy_dot;55;512;0.00236201286316;0.0;0.0
numpy_dot;56;512;0.00242185592651;1.19209289551e-06;0.0
numpy_dot;57;512;0.00235605239868;0.0;0.0
numpy_dot;58;512;0.00236797332764;0.0;1.19209289551e-06
numpy_dot;59;512;0.00242400169373;0.0;0.0
numpy_dot;60;512;0.0023410320282;0.0;0.0
numpy_dot;61;512;0.00236797332764;0.0;9.53674316406e-07
numpy_dot;62;512;0.00240182876587;0.0;0.0
numpy_dot;63;512;0.00232887268066;0.0;0.0
numpy_dot;64;512;0.00236582756042;0.0;1.19209289551e-06
numpy_dot;65;512;0.00255298614502;9.53674316406e-07;0.0
numpy_dot;66;512;0.00234007835388;0.0;0.0
numpy_dot;67;512;0.00237202644348;0.0;0.0
numpy_dot;68;512;0.00241708755493;0.0;0.0
numpy_dot;69;512;0.00235295295715;0.0;0.0
numpy_dot;70;512;0.00236320495605;0.0;0.0
numpy_dot;71;512;0.00242900848389;0.0;0.0
numpy_dot;72;512;0.00234198570251;0.0;0.0
numpy_dot;73;512;0.00236511230469;0.0;9.53674316406e-07
numpy_dot;74;512;0.00242686271667;0.0;9.53674316406e-07
numpy_dot;75;512;0.00234007835388;0.0;0.0
numpy_dot;76;512;0.00236105918884;0.0;0.0
numpy_dot;77;512;0.00240302085876;0.0;0.0
numpy_dot;78;512;0.00234699249268;0.0;0.0
numpy_dot;79;512;0.00237321853638;0.0;0.0
numpy_dot;80;512;0.0024139881134;0.0;0.0
numpy_dot;81;512;0.00233721733093;0.0;0.0
numpy_dot;82;512;0.00237107276917;0.0;0.0
numpy_dot;83;512;0.00241994857788;0.0;0.0
numpy_dot;84;512;0.00234889984131;0.0;0.0
numpy_dot;85;512;0.00236296653748;0.0;0.0
numpy_dot;86;512;0.00241303443909;0.0;9.53674316406e-07
numpy_dot;87;512;0.00235319137573;0.0;0.0
numpy_dot;88;512;0.00237703323364;0.0;0.0
numpy_dot;89;512;0.00242018699646;0.0;0.0
numpy_dot;90;512;0.00234508514404;0.0;9.53674316406e-07
numpy_dot;91;512;0.00236201286316;0.0;0.0
numpy_dot;92;512;0.00241804122925;9.53674316406e-07;0.0
numpy_dot;93;512;0.00234603881836;0.0;0.0
numpy_dot;94;512;0.00236392021179;0.0;0.0
numpy_dot;95;512;0.0024151802063;0.0;0.0
numpy_dot;96;512;0.00235795974731;0.0;0.0
numpy_dot;97;512;0.00236415863037;0.0;0.0
numpy_dot;98;512;0.00241303443909;9.53674316406e-07;0.0
numpy_dot;99;512;0.00234198570251;0.0;0.0
numpy_dot;0;640;0.00802302360535;9.53674316406e-07;9.53674316406e-07
numpy_dot;1;640;0.00373482704163;1.19209289551e-06;0.0
numpy_dot;2;640;0.00314807891846;0.0;0.0
numpy_dot;3;640;0.00319314002991;0.0;0.0
numpy_dot;4;640;0.00317907333374;0.0;9.53674316406e-07
numpy_dot;5;640;0.00310802459717;0.0;9.53674316406e-07
numpy_dot;6;640;0.00312900543213;0.0;0.0
numpy_dot;7;640;0.00316405296326;0.0;0.0
numpy_dot;8;640;0.00323605537415;9.53674316406e-07;0.0
numpy_dot;9;640;0.00313091278076;0.0;0.0
numpy_dot;10;640;0.00313997268677;0.0;0.0
numpy_dot;11;640;0.00306606292725;0.0;0.0
numpy_dot;12;640;0.00316596031189;0.0;9.53674316406e-07
numpy_dot;13;640;0.0031418800354;0.0;0.0
numpy_dot;14;640;0.00305986404419;9.53674316406e-07;0.0
numpy_dot;15;640;0.00312614440918;0.0;0.0
numpy_dot;16;640;0.00314497947693;0.0;9.53674316406e-07
numpy_dot;17;640;0.00309705734253;0.0;9.53674316406e-07
numpy_dot;18;640;0.00314402580261;0.0;0.0
numpy_dot;19;640;0.00320482254028;0.0;0.0
numpy_dot;20;640;0.00305008888245;9.53674316406e-07;0.0
numpy_dot;21;640;0.00312805175781;9.53674316406e-07;0.0
numpy_dot;22;640;0.0031430721283;0.0;0.0
numpy_dot;23;640;0.00307202339172;0.0;0.0
numpy_dot;24;640;0.00309205055237;0.0;9.53674316406e-07
numpy_dot;25;640;0.00315499305725;0.0;0.0
numpy_dot;26;640;0.00308513641357;0.0;0.0
numpy_dot;27;640;0.0031430721283;0.0;0.0
numpy_dot;28;640;0.00315308570862;9.53674316406e-07;0.0
numpy_dot;29;640;0.00303483009338;1.19209289551e-06;0.0
numpy_dot;30;640;0.00315499305725;0.0;1.19209289551e-06
numpy_dot;31;640;0.00316691398621;0.0;0.0
numpy_dot;32;640;0.0030620098114;0.0;0.0
numpy_dot;33;640;0.00311207771301;0.0;0.0
numpy_dot;34;640;0.00315809249878;0.0;0.0
numpy_dot;35;640;0.00309300422668;0.0;0.0
numpy_dot;36;640;0.00315499305725;0.0;0.0
numpy_dot;37;640;0.0031590461731;0.0;0.0
numpy_dot;38;640;0.00309801101685;0.0;0.0
numpy_dot;39;640;0.00316619873047;0.0;9.53674316406e-07
numpy_dot;40;640;0.00314784049988;0.0;1.19209289551e-06
numpy_dot;41;640;0.00307989120483;1.19209289551e-06;0.0
numpy_dot;42;640;0.00314807891846;0.0;0.0
numpy_dot;43;640;0.00316715240479;0.0;0.0
numpy_dot;44;640;0.00306391716003;9.53674316406e-07;0.0
numpy_dot;45;640;0.00308704376221;0.0;0.0
numpy_dot;46;640;0.00315403938293;0.0;9.53674316406e-07
numpy_dot;47;640;0.00306606292725;0.0;9.53674316406e-07
numpy_dot;48;640;0.00327515602112;9.53674316406e-07;0.0
numpy_dot;49;640;0.0031270980835;0.0;0.0
numpy_dot;50;640;0.00308108329773;0.0;0.0
numpy_dot;51;640;0.00309991836548;0.0;1.19209289551e-06
numpy_dot;52;640;0.00312614440918;9.53674316406e-07;0.0
numpy_dot;53;640;0.00306606292725;0.0;0.0
numpy_dot;54;640;0.00314712524414;0.0;0.0
numpy_dot;55;640;0.00313401222229;0.0;0.0
numpy_dot;56;640;0.00305104255676;0.0;0.0
numpy_dot;57;640;0.00313305854797;0.0;0.0
numpy_dot;58;640;0.00315308570862;0.0;9.53674316406e-07
numpy_dot;59;640;0.00306797027588;0.0;0.0
numpy_dot;60;640;0.00313282012939;0.0;0.0
numpy_dot;61;640;0.00313997268677;0.0;0.0
numpy_dot;62;640;0.00307488441467;0.0;9.53674316406e-07
numpy_dot;63;640;0.00314593315125;0.0;0.0
numpy_dot;64;640;0.00313901901245;0.0;0.0
numpy_dot;65;640;0.00304508209229;0.0;0.0
numpy_dot;66;640;0.00314903259277;0.0;9.53674316406e-07
numpy_dot;67;640;0.00317311286926;0.0;0.0
numpy_dot;68;640;0.00307607650757;0.0;0.0
numpy_dot;69;640;0.00312304496765;0.0;0.0
numpy_dot;70;640;0.00314593315125;9.53674316406e-07;0.0
numpy_dot;71;640;0.00309205055237;0.0;0.0
numpy_dot;72;640;0.00308609008789;0.0;0.0
numpy_dot;73;640;0.00316596031189;0.0;0.0
numpy_dot;74;640;0.00309085845947;0.0;0.0
numpy_dot;75;640;0.0031578540802;0.0;0.0
numpy_dot;76;640;0.00314807891846;0.0;0.0
numpy_dot;77;640;0.00304794311523;0.0;0.0
numpy_dot;78;640;0.00313496589661;0.0;0.0
numpy_dot;79;640;0.00316715240479;0.0;0.0
numpy_dot;80;640;0.00305509567261;0.0;9.53674316406e-07
numpy_dot;81;640;0.00310206413269;0.0;0.0
numpy_dot;82;640;0.00314211845398;0.0;0.0
numpy_dot;83;640;0.00305795669556;0.0;0.0
numpy_dot;84;640;0.00312900543213;0.0;0.0
numpy_dot;85;640;0.00314688682556;1.19209289551e-06;0.0
numpy_dot;86;640;0.00305509567261;0.0;0.0
numpy_dot;87;640;0.00313210487366;0.0;0.0
numpy_dot;88;640;0.00328516960144;0.0;0.0
numpy_dot;89;640;0.00305390357971;0.0;0.0
numpy_dot;90;640;0.00313997268677;0.0;0.0
numpy_dot;91;640;0.00316095352173;0.0;0.0
numpy_dot;92;640;0.00305485725403;0.0;0.0
numpy_dot;93;640;0.00310802459717;0.0;0.0
numpy_dot;94;640;0.00315594673157;0.0;0.0
numpy_dot;95;640;0.00312113761902;0.0;0.0
numpy_dot;96;640;0.00308299064636;1.19209289551e-06;0.0
numpy_dot;97;640;0.00316500663757;0.0;0.0
numpy_dot;98;640;0.00305891036987;0.0;0.0
numpy_dot;99;640;0.00314402580261;0.0;0.0
numpy_dot;0;768;0.00937795639038;0.0;0.0
numpy_dot;1;768;0.00499892234802;0.0;0.0
numpy_dot;2;768;0.00494313240051;0.0;0.0
numpy_dot;3;768;0.00490379333496;0.0;1.09672546387e-05
numpy_dot;4;768;0.00499391555786;0.0;0.0
numpy_dot;5;768;0.00490498542786;9.53674316406e-07;9.53674316406e-07
numpy_dot;6;768;0.00498700141907;0.0;0.0
numpy_dot;7;768;0.00497102737427;9.53674316406e-07;0.0
numpy_dot;8;768;0.00497198104858;0.0;0.0
numpy_dot;9;768;0.00499606132507;9.53674316406e-07;9.53674316406e-07
numpy_dot;10;768;0.00494980812073;1.19209289551e-06;9.53674316406e-07
numpy_dot;11;768;0.00494003295898;0.0;0.0
numpy_dot;12;768;0.00497508049011;9.53674316406e-07;9.53674316406e-07
numpy_dot;13;768;0.00499701499939;0.0;0.0
numpy_dot;14;768;0.00509905815125;9.53674316406e-07;0.0
numpy_dot;15;768;0.00496602058411;0.0;9.53674316406e-07
numpy_dot;16;768;0.00492906570435;9.53674316406e-07;0.0
numpy_dot;17;768;0.00494408607483;0.0;9.53674316406e-07
numpy_dot;18;768;0.00501489639282;0.0;1.19209289551e-06
numpy_dot;19;768;0.00502800941467;9.53674316406e-07;0.0
numpy_dot;20;768;0.00490593910217;9.53674316406e-07;0.0
numpy_dot;21;768;0.00500202178955;0.0;0.0
numpy_dot;22;768;0.00494694709778;0.0;0.0
numpy_dot;23;768;0.00493097305298;9.53674316406e-07;0.0
numpy_dot;24;768;0.00498104095459;9.53674316406e-07;0.0
numpy_dot;25;768;0.00490713119507;0.0;0.0
numpy_dot;26;768;0.00492811203003;0.0;0.0
numpy_dot;27;768;0.00490808486938;0.0;0.0
numpy_dot;28;768;0.00491881370544;1.19209289551e-06;9.53674316406e-07
numpy_dot;29;768;0.00497698783875;0.0;9.53674316406e-07
numpy_dot;30;768;0.00502800941467;0.0;0.0
numpy_dot;31;768;0.00495219230652;0.0;9.53674316406e-07
numpy_dot;32;768;0.00495886802673;0.0;0.0
numpy_dot;33;768;0.00499796867371;0.0;0.0
numpy_dot;34;768;0.00501799583435;0.0;0.0
numpy_dot;35;768;0.00495195388794;1.19209289551e-06;0.0
numpy_dot;36;768;0.00498580932617;0.0;0.0
numpy_dot;37;768;0.00542306900024;9.53674316406e-07;9.53674316406e-07
numpy_dot;38;768;0.00496292114258;1.19209289551e-06;0.0
numpy_dot;39;768;0.00509786605835;0.0;0.0
numpy_dot;40;768;0.00496792793274;1.19209289551e-06;0.0
numpy_dot;41;768;0.00498795509338;9.53674316406e-07;0.0
numpy_dot;42;768;0.00494289398193;1.19209289551e-06;0.0
numpy_dot;43;768;0.00498008728027;9.53674316406e-07;0.0
numpy_dot;44;768;0.00498700141907;9.53674316406e-07;0.0
numpy_dot;45;768;0.00498104095459;0.0;9.53674316406e-07
numpy_dot;46;768;0.00497579574585;0.0;0.0
numpy_dot;47;768;0.00497794151306;9.53674316406e-07;0.0
numpy_dot;48;768;0.00501084327698;0.0;0.0
numpy_dot;49;768;0.00501894950867;0.0;9.53674316406e-07
numpy_dot;50;768;0.00500106811523;0.0;0.0
numpy_dot;51;768;0.00494694709778;0.0;0.0
numpy_dot;52;768;0.00497388839722;1.19209289551e-06;9.53674316406e-07
numpy_dot;53;768;0.00495505332947;0.0;9.53674316406e-07
numpy_dot;54;768;0.00500297546387;0.0;1.19209289551e-06
numpy_dot;55;768;0.00497603416443;0.0;0.0
numpy_dot;56;768;0.00495600700378;1.19209289551e-06;9.53674316406e-07
numpy_dot;57;768;0.00497388839722;9.53674316406e-07;0.0
numpy_dot;58;768;0.00501704216003;9.53674316406e-07;0.0
numpy_dot;59;768;0.00492382049561;1.19209289551e-06;0.0
numpy_dot;60;768;0.0050311088562;0.0;0.0
numpy_dot;61;768;0.00495600700378;0.0;0.0
numpy_dot;62;768;0.00493383407593;0.0;9.53674316406e-07
numpy_dot;63;768;0.00497913360596;0.0;0.0
numpy_dot;64;768;0.00510501861572;0.0;0.0
numpy_dot;65;768;0.00497579574585;0.0;0.0
numpy_dot;66;768;0.00497508049011;9.53674316406e-07;9.53674316406e-07
numpy_dot;67;768;0.00493597984314;9.53674316406e-07;9.53674316406e-07
numpy_dot;68;768;0.00494003295898;0.0;9.53674316406e-07
numpy_dot;69;768;0.00499176979065;0.0;9.53674316406e-07
numpy_dot;70;768;0.00492811203003;9.53674316406e-07;9.53674316406e-07
numpy_dot;71;768;0.00490593910217;9.53674316406e-07;0.0
numpy_dot;72;768;0.00496411323547;0.0;9.53674316406e-07
numpy_dot;73;768;0.00493288040161;0.0;0.0
numpy_dot;74;768;0.00494885444641;9.53674316406e-07;0.0
numpy_dot;75;768;0.00501298904419;0.0;0.0
numpy_dot;76;768;0.00494408607483;0.0;0.0
numpy_dot;77;768;0.00492787361145;0.0;0.0
numpy_dot;78;768;0.00490880012512;1.19209289551e-06;0.0
numpy_dot;79;768;0.00496888160706;0.0;9.53674316406e-07
numpy_dot;80;768;0.00503015518188;9.53674316406e-07;0.0
numpy_dot;81;768;0.00502181053162;0.0;9.53674316406e-07
numpy_dot;82;768;0.00494003295898;9.53674316406e-07;0.0
numpy_dot;83;768;0.00528502464294;9.53674316406e-07;0.0
numpy_dot;84;768;0.00494813919067;9.53674316406e-07;0.0
numpy_dot;85;768;0.00495982170105;0.0;0.0
numpy_dot;86;768;0.00494408607483;9.53674316406e-07;9.53674316406e-07
numpy_dot;87;768;0.00496697425842;9.53674316406e-07;1.19209289551e-06
numpy_dot;88;768;0.00497794151306;9.53674316406e-07;0.0
numpy_dot;89;768;0.00509905815125;9.53674316406e-07;0.0
numpy_dot;90;768;0.00499296188354;9.53674316406e-07;0.0
numpy_dot;91;768;0.0049569606781;1.19209289551e-06;9.53674316406e-07
numpy_dot;92;768;0.00495505332947;9.53674316406e-07;0.0
numpy_dot;93;768;0.00497484207153;0.0;0.0
numpy_dot;94;768;0.00492191314697;0.0;0.0
numpy_dot;95;768;0.00490593910217;1.19209289551e-06;9.53674316406e-07
numpy_dot;96;768;0.00501704216003;0.0;0.0
numpy_dot;97;768;0.00498700141907;0.0;9.53674316406e-07
numpy_dot;98;768;0.00496602058411;0.0;0.0
numpy_dot;99;768;0.00496602058411;0.0;0.0
numpy_dot;0;896;0.0160131454468;9.53674316406e-07;0.0
numpy_dot;1;896;0.00767302513123;9.53674316406e-07;9.53674316406e-07
numpy_dot;2;896;0.00770998001099;9.53674316406e-07;9.53674316406e-07
numpy_dot;3;896;0.00757002830505;9.53674316406e-07;9.53674316406e-07
numpy_dot;4;896;0.00757098197937;1.19209289551e-06;9.53674316406e-07
numpy_dot;5;896;0.00764799118042;0.0;0.0
numpy_dot;6;896;0.00753307342529;9.53674316406e-07;9.53674316406e-07
numpy_dot;7;896;0.007493019104;0.0;0.0
numpy_dot;8;896;0.00755500793457;9.53674316406e-07;9.53674316406e-07
numpy_dot;9;896;0.00748109817505;9.53674316406e-07;0.0
numpy_dot;10;896;0.00754308700562;0.0;0.0
numpy_dot;11;896;0.00763583183289;0.0;0.0
numpy_dot;12;896;0.00750803947449;0.0;9.53674316406e-07
numpy_dot;13;896;0.00759291648865;9.53674316406e-07;9.53674316406e-07
numpy_dot;14;896;0.00758099555969;9.53674316406e-07;0.0
numpy_dot;15;896;0.00740909576416;9.53674316406e-07;0.0
numpy_dot;16;896;0.0075261592865;0.0;0.0
numpy_dot;17;896;0.00752806663513;0.0;0.0
numpy_dot;18;896;0.0074520111084;0.0;1.19209289551e-06
numpy_dot;19;896;0.0076150894165;9.53674316406e-07;1.19209289551e-06
numpy_dot;20;896;0.0075409412384;1.19209289551e-06;0.0
numpy_dot;21;896;0.00760293006897;0.0;9.53674316406e-07
numpy_dot;22;896;0.00776600837708;9.53674316406e-07;0.0
numpy_dot;23;896;0.00759220123291;0.0;0.0
numpy_dot;24;896;0.00751495361328;9.53674316406e-07;1.19209289551e-06
numpy_dot;25;896;0.00756883621216;9.53674316406e-07;0.0
numpy_dot;26;896;0.00759506225586;0.0;0.0
numpy_dot;27;896;0.00750517845154;0.0;0.0
numpy_dot;28;896;0.00755786895752;0.0;0.0
numpy_dot;29;896;0.00748991966248;0.0;9.53674316406e-07
numpy_dot;30;896;0.00745415687561;0.0;0.0
numpy_dot;31;896;0.00755214691162;9.53674316406e-07;9.53674316406e-07
numpy_dot;32;896;0.0075409412384;0.0;0.0
numpy_dot;33;896;0.00753593444824;0.0;1.19209289551e-06
numpy_dot;34;896;0.00759792327881;9.53674316406e-07;0.0
numpy_dot;35;896;0.00773119926453;0.0;9.53674316406e-07
numpy_dot;36;896;0.00749707221985;0.0;0.0
numpy_dot;37;896;0.00749206542969;0.0;0.0
numpy_dot;38;896;0.00768804550171;9.53674316406e-07;1.19209289551e-06
numpy_dot;39;896;0.00758790969849;0.0;0.0
numpy_dot;40;896;0.00751709938049;9.53674316406e-07;0.0
numpy_dot;41;896;0.00758385658264;1.19209289551e-06;0.0
numpy_dot;42;896;0.0073778629303;0.0;9.53674316406e-07
numpy_dot;43;896;0.00751304626465;0.0;0.0
numpy_dot;44;896;0.00756597518921;0.0;0.0
numpy_dot;45;896;0.0074520111084;9.53674316406e-07;9.53674316406e-07
numpy_dot;46;896;0.00752210617065;9.53674316406e-07;0.0
numpy_dot;47;896;0.00756502151489;1.19209289551e-06;0.0
numpy_dot;48;896;0.00741600990295;0.0;0.0
numpy_dot;49;896;0.00753211975098;0.0;9.53674316406e-07
numpy_dot;50;896;0.00751900672913;0.0;0.0
numpy_dot;51;896;0.00790691375732;0.0;0.0
numpy_dot;52;896;0.00751614570618;0.0;0.0
numpy_dot;53;896;0.00762295722961;9.53674316406e-07;0.0
numpy_dot;54;896;0.00749683380127;0.0;0.0
numpy_dot;55;896;0.00778698921204;0.0;9.53674316406e-07
numpy_dot;56;896;0.00751399993896;0.0;0.0
numpy_dot;57;896;0.00751399993896;0.0;0.0
numpy_dot;58;896;0.00753784179688;0.0;9.53674316406e-07
numpy_dot;59;896;0.00760698318481;0.0;9.53674316406e-07
numpy_dot;60;896;0.00745582580566;9.53674316406e-07;9.53674316406e-07
numpy_dot;61;896;0.0076150894165;0.0;9.53674316406e-07
numpy_dot;62;896;0.00757789611816;9.53674316406e-07;9.53674316406e-07
numpy_dot;63;896;0.00751304626465;0.0;0.0
numpy_dot;64;896;0.00754308700562;0.0;9.53674316406e-07
numpy_dot;65;896;0.00754690170288;9.53674316406e-07;0.0
numpy_dot;66;896;0.00750708580017;0.0;0.0
numpy_dot;67;896;0.00762581825256;0.0;0.0
numpy_dot;68;896;0.00757813453674;0.0;0.0
numpy_dot;69;896;0.00742506980896;0.0;0.0
numpy_dot;70;896;0.00752401351929;0.0;0.0
numpy_dot;71;896;0.00766515731812;0.0;0.0
numpy_dot;72;896;0.00749707221985;0.0;0.0
numpy_dot;73;896;0.007572889328;9.53674316406e-07;9.53674316406e-07
numpy_dot;74;896;0.00762701034546;0.0;0.0
numpy_dot;75;896;0.00769591331482;0.0;9.53674316406e-07
numpy_dot;76;896;0.00758099555969;9.53674316406e-07;0.0
numpy_dot;77;896;0.00756812095642;9.53674316406e-07;0.0
numpy_dot;78;896;0.00745296478271;9.53674316406e-07;0.0
numpy_dot;79;896;0.00754618644714;0.0;0.0
numpy_dot;80;896;0.00762319564819;9.53674316406e-07;0.0
numpy_dot;81;896;0.0074360370636;0.0;0.0
numpy_dot;82;896;0.00758910179138;9.53674316406e-07;0.0
numpy_dot;83;896;0.00752806663513;9.53674316406e-07;1.19209289551e-06
numpy_dot;84;896;0.00746393203735;9.53674316406e-07;0.0
numpy_dot;85;896;0.00757193565369;0.0;0.0
numpy_dot;86;896;0.00762605667114;9.53674316406e-07;0.0
numpy_dot;87;896;0.00761890411377;0.0;1.19209289551e-06
numpy_dot;88;896;0.00765705108643;9.53674316406e-07;9.53674316406e-07
numpy_dot;89;896;0.00754714012146;9.53674316406e-07;0.0
numpy_dot;90;896;0.00752401351929;9.53674316406e-07;1.19209289551e-06
numpy_dot;91;896;0.00755596160889;1.19209289551e-06;0.0
numpy_dot;92;896;0.00750088691711;1.19209289551e-06;0.0
numpy_dot;93;896;0.00750303268433;9.53674316406e-07;0.0
numpy_dot;94;896;0.00779914855957;0.0;9.53674316406e-07
numpy_dot;95;896;0.0075249671936;0.0;9.53674316406e-07
numpy_dot;96;896;0.00750494003296;1.19209289551e-06;0.0
numpy_dot;97;896;0.00762796401978;9.53674316406e-07;0.0
numpy_dot;98;896;0.00746488571167;1.19209289551e-06;9.53674316406e-07
numpy_dot;99;896;0.00751996040344;9.53674316406e-07;1.19209289551e-06
numpy_dot;0;1024;0.0168199539185;0.0;0.0
numpy_dot;1;1024;0.0167829990387;9.53674316406e-07;1.19209289551e-06
numpy_dot;2;1024;0.0105819702148;0.0;0.0
numpy_dot;3;1024;0.0117399692535;9.53674316406e-07;0.0
numpy_dot;4;1024;0.0104658603668;9.53674316406e-07;0.0
numpy_dot;5;1024;0.0146770477295;9.53674316406e-07;0.0
numpy_dot;6;1024;0.0105500221252;9.53674316406e-07;0.0
numpy_dot;7;1024;0.0118131637573;9.53674316406e-07;9.53674316406e-07
numpy_dot;8;1024;0.0108721256256;0.0;9.53674316406e-07
numpy_dot;9;1024;0.0151031017303;1.90734863281e-06;0.0
numpy_dot;0;1152;0.0209999084473;9.53674316406e-07;0.0
numpy_dot;1;1152;0.0196490287781;9.53674316406e-07;0.0
numpy_dot;2;1152;0.0135459899902;0.0;0.0
numpy_dot;3;1152;0.0134851932526;0.0;0.0
numpy_dot;4;1152;0.0133039951324;9.53674316406e-07;9.53674316406e-07
numpy_dot;5;1152;0.0135641098022;9.53674316406e-07;0.0
numpy_dot;6;1152;0.0180549621582;0.0;0.0
numpy_dot;7;1152;0.0136170387268;0.0;0.0
numpy_dot;8;1152;0.0134899616241;1.19209289551e-06;0.0
numpy_dot;9;1152;0.0133590698242;9.53674316406e-07;9.53674316406e-07
numpy_dot;0;1280;0.0241770744324;0.0;0.0
numpy_dot;1;1280;0.0265431404114;0.0;0.0
numpy_dot;2;1280;0.0193731784821;0.0;0.0
numpy_dot;3;1280;0.0168268680573;0.0;9.53674316406e-07
numpy_dot;4;1280;0.0167691707611;0.0;0.0
numpy_dot;5;1280;0.0162279605865;1.19209289551e-06;9.53674316406e-07
numpy_dot;6;1280;0.0206670761108;9.53674316406e-07;0.0
numpy_dot;7;1280;0.0167419910431;9.53674316406e-07;0.0
numpy_dot;8;1280;0.0304348468781;0.0;0.0
numpy_dot;9;1280;0.0270638465881;9.53674316406e-07;9.53674316406e-07
numpy_dot;0;1408;0.764229059219;9.53674316406e-07;1.19209289551e-06
numpy_dot;1;1408;0.03093791008;0.0;0.0
numpy_dot;2;1408;0.0222640037537;0.0;0.0
numpy_dot;3;1408;0.0203149318695;9.53674316406e-07;1.19209289551e-06
numpy_dot;4;1408;0.0201678276062;1.19209289551e-06;9.53674316406e-07
numpy_dot;5;1408;0.0196261405945;9.53674316406e-07;9.53674316406e-07
numpy_dot;6;1408;0.0199429988861;0.0;0.0
numpy_dot;7;1408;0.0196890830994;0.0;0.0
numpy_dot;8;1408;0.0193469524384;0.0;0.0
numpy_dot;9;1408;0.0202281475067;9.53674316406e-07;0.0
numpy_dot;0;1536;0.032438993454;0.0;0.0
numpy_dot;1;1536;0.0434370040894;0.0;0.0
numpy_dot;2;1536;0.0318820476532;0.0;9.53674316406e-07
numpy_dot;3;1536;0.0250880718231;9.53674316406e-07;0.0
numpy_dot;4;1536;0.0279920101166;0.0;0.0
numpy_dot;5;1536;0.025013923645;9.53674316406e-07;0.0
numpy_dot;6;1536;0.034392118454;9.53674316406e-07;0.0
numpy_dot;7;1536;0.0252628326416;0.0;9.53674316406e-07
numpy_dot;8;1536;0.0280668735504;0.0;0.0
numpy_dot;9;1536;0.0246610641479;9.53674316406e-07;0.0
numpy_dot;0;1664;0.0438268184662;0.0;1.90734863281e-06
numpy_dot;1;1664;0.0392348766327;0.0;0.0
numpy_dot;2;1664;0.0298488140106;2.14576721191e-06;0.0
numpy_dot;3;1664;0.0304498672485;0.0;0.0
numpy_dot;4;1664;0.0306780338287;0.0;0.0
numpy_dot;5;1664;0.0298879146576;9.53674316406e-07;0.0
numpy_dot;6;1664;0.0302979946136;0.0;9.53674316406e-07
numpy_dot;7;1664;0.0297589302063;0.0;0.0
numpy_dot;8;1664;0.0298359394073;9.53674316406e-07;0.0
numpy_dot;9;1664;0.0297529697418;1.19209289551e-06;9.53674316406e-07
numpy_dot;0;1792;0.0536580085754;0.0;0.0
numpy_dot;1;1792;0.0466430187225;9.53674316406e-07;0.0
numpy_dot;2;1792;0.0357971191406;9.53674316406e-07;0.0
numpy_dot;3;1792;0.0445609092712;0.0;0.0
numpy_dot;4;1792;0.0352280139923;0.0;0.0
numpy_dot;5;1792;0.0353560447693;0.0;0.0
numpy_dot;6;1792;0.0352749824524;0.0;9.53674316406e-07
numpy_dot;7;1792;0.043573141098;0.0;0.0
numpy_dot;8;1792;0.0353639125824;0.0;0.0
numpy_dot;9;1792;0.0353710651398;9.53674316406e-07;0.0
numpy_dot;0;1920;0.0579349994659;9.53674316406e-07;9.53674316406e-07
numpy_dot;1;1920;0.0583598613739;0.0;0.0
numpy_dot;2;1920;0.0412230491638;9.53674316406e-07;0.0
numpy_dot;3;1920;0.0420949459076;1.19209289551e-06;0.0
numpy_dot;4;1920;0.0416519641876;9.53674316406e-07;0.0
numpy_dot;5;1920;0.0512208938599;9.53674316406e-07;1.19209289551e-06
numpy_dot;6;1920;0.0410580635071;9.53674316406e-07;0.0
numpy_dot;7;1920;0.0423278808594;0.0;0.0
numpy_dot;8;1920;0.0409450531006;9.53674316406e-07;0.0
numpy_dot;9;1920;0.0511748790741;1.19209289551e-06;9.53674316406e-07
numpy_dot;0;2048;0.0702600479126;9.53674316406e-07;9.53674316406e-07
numpy_dot;1;2048;0.0712330341339;0.0;0.0
numpy_dot;2;2048;0.0710999965668;9.53674316406e-07;9.53674316406e-07
numpy_dot;3;2048;0.0692110061646;9.53674316406e-07;0.0
numpy_dot;4;2048;0.0709249973297;0.0;0.0
numpy_dot;5;2048;0.0712611675262;0.0;9.53674316406e-07
numpy_dot;6;2048;0.0690810680389;0.0;0.0
numpy_dot;7;2048;0.0711190700531;0.0;0.0
numpy_dot;8;2048;0.0707449913025;0.0;0.0
numpy_dot;9;2048;0.069118976593;1.19209289551e-06;9.53674316406e-07
numpy_dot;0;2176;0.0986058712006;0.0;0.0
numpy_dot;1;2176;0.0969381332397;0.0;0.0
numpy_dot;2;2176;0.0962381362915;9.53674316406e-07;9.53674316406e-07
numpy_dot;3;2176;0.0961549282074;9.53674316406e-07;0.0
numpy_dot;4;2176;0.0978288650513;0.0;0.0
numpy_dot;5;2176;0.0962629318237;0.0;0.0
numpy_dot;6;2176;0.0972020626068;0.0;0.0
numpy_dot;7;2176;0.0964598655701;9.53674316406e-07;0.0
numpy_dot;8;2176;0.0968928337097;0.0;0.0
numpy_dot;9;2176;0.0967230796814;0.0;9.53674316406e-07
numpy_dot;0;2304;0.111680984497;0.0;0.0
numpy_dot;1;2304;0.112586975098;9.53674316406e-07;0.0
numpy_dot;2;2304;0.112244844437;0.0;0.0
numpy_dot;3;2304;0.110989093781;9.53674316406e-07;0.0
numpy_dot;4;2304;0.112053155899;0.0;0.0
numpy_dot;5;2304;0.11106801033;9.53674316406e-07;0.0
numpy_dot;6;2304;0.111819028854;0.0;9.53674316406e-07
numpy_dot;7;2304;0.112946033478;0.0;0.0
numpy_dot;8;2304;0.113070964813;9.53674316406e-07;0.0
numpy_dot;9;2304;0.111361026764;0.0;0.0
numpy_dot;0;2432;0.127107858658;0.0;0.0
numpy_dot;1;2432;0.125200986862;0.0;0.0
numpy_dot;2;2432;0.124578952789;0.0;0.0
numpy_dot;3;2432;0.127338171005;0.0;0.0
numpy_dot;4;2432;0.124974012375;0.0;0.0
numpy_dot;5;2432;0.125809907913;9.53674316406e-07;0.0
numpy_dot;6;2432;0.127451896667;1.19209289551e-06;0.0
numpy_dot;7;2432;0.126300096512;0.0;9.53674316406e-07
numpy_dot;8;2432;0.126079797745;9.53674316406e-07;0.0
numpy_dot;9;2432;0.127722024918;0.0;0.0
numpy_dot;0;2560;0.145368099213;0.0;0.0
numpy_dot;1;2560;0.146026134491;0.0;9.53674316406e-07
numpy_dot;2;2560;0.145713806152;9.53674316406e-07;0.0
numpy_dot;3;2560;0.14497089386;0.0;0.0
numpy_dot;4;2560;0.14574098587;9.53674316406e-07;0.0
numpy_dot;5;2560;0.145213127136;0.0;0.0
numpy_dot;6;2560;0.145029783249;9.53674316406e-07;0.0
numpy_dot;7;2560;0.146039009094;0.0;0.0
numpy_dot;8;2560;0.146334886551;9.53674316406e-07;0.0
numpy_dot;9;2560;0.145009994507;9.53674316406e-07;9.53674316406e-07
numpy_dot;0;2688;0.164534807205;9.53674316406e-07;0.0
numpy_dot;1;2688;0.164860963821;0.0;9.53674316406e-07
numpy_dot;2;2688;0.164322853088;1.19209289551e-06;0.0
numpy_dot;3;2688;0.164700031281;0.0;0.0
numpy_dot;4;2688;0.164994955063;0.0;0.0
numpy_dot;5;2688;0.163874864578;9.53674316406e-07;9.53674316406e-07
numpy_dot;6;2688;0.164762973785;9.53674316406e-07;9.53674316406e-07
numpy_dot;7;2688;0.164804935455;0.0;0.0
numpy_dot;8;2688;0.164219856262;0.0;0.0
numpy_dot;9;2688;0.164501905441;0.0;9.53674316406e-07
numpy_dot;0;2816;0.185311794281;9.53674316406e-07;0.0
numpy_dot;1;2816;0.184849977493;9.53674316406e-07;0.0
numpy_dot;2;2816;0.185565948486;1.19209289551e-06;9.53674316406e-07
numpy_dot;3;2816;0.185112953186;0.0;0.0
numpy_dot;4;2816;0.184354066849;9.53674316406e-07;9.53674316406e-07
numpy_dot;5;2816;0.186125040054;1.19209289551e-06;9.53674316406e-07
numpy_dot;6;2816;0.18591594696;9.53674316406e-07;9.53674316406e-07
numpy_dot;7;2816;0.184498071671;0.0;9.53674316406e-07
numpy_dot;8;2816;0.185579061508;9.53674316406e-07;2.14576721191e-06
numpy_dot;9;2816;0.184916973114;9.53674316406e-07;0.0
numpy_dot;0;2944;0.211150169373;9.53674316406e-07;9.53674316406e-07
numpy_dot;1;2944;0.211174964905;9.53674316406e-07;0.0
numpy_dot;2;2944;0.211485862732;0.0;1.19209289551e-06
numpy_dot;3;2944;0.210794210434;9.53674316406e-07;0.0
numpy_dot;4;2944;0.211175918579;0.0;1.19209289551e-06
numpy_dot;5;2944;0.210464954376;0.0;0.0
numpy_dot;6;2944;0.209764003754;0.0;0.0
numpy_dot;7;2944;0.21119594574;0.0;9.53674316406e-07
numpy_dot;8;2944;0.211035013199;3.09944152832e-06;0.0
numpy_dot;9;2944;0.209981918335;9.53674316406e-07;0.0
numpy_dot;0;3072;0.236085891724;0.0;0.0
numpy_dot;1;3072;0.233286857605;9.53674316406e-07;9.53674316406e-07
numpy_dot;2;3072;0.232069015503;9.53674316406e-07;0.0
numpy_dot;3;3072;0.233288049698;0.0;0.0
numpy_dot;4;3072;0.233180999756;0.0;0.0
numpy_dot;5;3072;0.232177019119;0.0;1.90734863281e-06
numpy_dot;6;3072;0.233128070831;9.53674316406e-07;0.0
numpy_dot;7;3072;0.232717990875;1.90734863281e-06;0.0
numpy_dot;8;3072;0.231899023056;0.0;0.0
numpy_dot;9;3072;0.233933925629;0.0;0.0
numpy_dot;0;3200;0.268660068512;0.0;0.0
numpy_dot;1;3200;0.261016130447;0.0;0.0
numpy_dot;2;3200;0.260713100433;0.0;0.0
numpy_dot;3;3200;0.261892795563;0.0;0.0
numpy_dot;4;3200;0.260983228683;0.0;9.53674316406e-07
numpy_dot;5;3200;0.260875940323;2.14576721191e-06;0.0
numpy_dot;6;3200;0.261249065399;0.0;1.19209289551e-06
numpy_dot;7;3200;0.260382890701;1.19209289551e-06;0.0
numpy_dot;8;3200;0.263017892838;0.0;0.0
numpy_dot;9;3200;0.260041952133;0.0;0.0
numpy_dot;0;3328;0.30104804039;0.0;9.53674316406e-07
numpy_dot;1;3328;0.291455030441;0.0;0.0
numpy_dot;2;3328;0.292532920837;0.0;9.53674316406e-07
numpy_dot;3;3328;0.291902065277;9.53674316406e-07;0.0
numpy_dot;4;3328;0.290834903717;1.19209289551e-06;9.53674316406e-07
numpy_dot;5;3328;0.292762041092;1.19209289551e-06;0.0
numpy_dot;6;3328;0.290996074677;0.0;0.0
numpy_dot;7;3328;0.292080163956;0.0;9.53674316406e-07
numpy_dot;8;3328;0.291776895523;9.53674316406e-07;0.0
numpy_dot;9;3328;0.291033029556;0.0;9.53674316406e-07
numpy_dot;0;3456;0.327095031738;0.0;0.0
numpy_dot;1;3456;0.317996025085;0.0;2.14576721191e-06
numpy_dot;2;3456;0.317373037338;9.53674316406e-07;0.0
numpy_dot;3;3456;0.292294025421;9.53674316406e-07;1.19209289551e-06
numpy_dot;4;3456;0.31712603569;0.0;1.19209289551e-06
numpy_dot;5;3456;0.317054033279;0.0;1.19209289551e-06
numpy_dot;6;3456;0.314108133316;0.0;0.0
numpy_dot;7;3456;0.316192865372;0.0;0.0
numpy_dot;8;3456;0.318089962006;9.53674316406e-07;9.53674316406e-07
numpy_dot;9;3456;0.315119028091;0.0;1.19209289551e-06
numpy_dot;0;3584;0.371783971786;0.0;0.0
numpy_dot;1;3584;0.353497982025;1.90734863281e-06;9.53674316406e-07
numpy_dot;2;3584;0.354614019394;9.53674316406e-07;0.0
numpy_dot;3;3584;0.354923009872;0.0;0.0
numpy_dot;4;3584;0.35521197319;9.53674316406e-07;0.0
numpy_dot;5;3584;0.357033014297;0.0;0.0
numpy_dot;6;3584;0.356847047806;0.0;9.53674316406e-07
numpy_dot;7;3584;0.355585098267;9.53674316406e-07;1.19209289551e-06
numpy_dot;8;3584;0.355205059052;0.0;9.53674316406e-07
numpy_dot;9;3584;0.357195854187;0.0;9.53674316406e-07
numpy_dot;0;3712;0.398601055145;9.53674316406e-07;0.0
numpy_dot;1;3712;0.382827997208;0.0;9.53674316406e-07
numpy_dot;2;3712;0.383858203888;9.53674316406e-07;0.0
numpy_dot;3;3712;0.383994817734;9.53674316406e-07;9.53674316406e-07
numpy_dot;4;3712;0.383157968521;0.0;0.0
numpy_dot;5;3712;0.383759975433;0.0;0.0
numpy_dot;6;3712;0.385257005692;0.0;0.0
numpy_dot;7;3712;0.382079839706;0.0;0.0
numpy_dot;8;3712;0.382848978043;9.53674316406e-07;0.0
numpy_dot;9;3712;0.385550022125;9.53674316406e-07;0.0
numpy_dot;0;3840;0.430244922638;0.0;0.0
numpy_dot;1;3840;0.414096832275;0.0;0.0
numpy_dot;2;3840;0.412249088287;9.53674316406e-07;0.0
numpy_dot;3;3840;0.412436008453;1.19209289551e-06;9.53674316406e-07
numpy_dot;4;3840;0.41300201416;9.53674316406e-07;9.53674316406e-07
numpy_dot;5;3840;0.412315130234;0.0;0.0
numpy_dot;6;3840;0.414488792419;1.19209289551e-06;9.53674316406e-07
numpy_dot;7;3840;0.41339302063;9.53674316406e-07;0.0
numpy_dot;8;3840;0.414807081223;9.53674316406e-07;0.0
numpy_dot;9;3840;0.412870883942;0.0;1.19209289551e-06
numpy_dot;0;3968;0.506946086884;9.53674316406e-07;0.0
numpy_dot;1;3968;0.451162815094;9.53674316406e-07;0.0
numpy_dot;2;3968;0.452609062195;9.53674316406e-07;0.0
numpy_dot;3;3968;0.453349113464;9.53674316406e-07;9.53674316406e-07
numpy_dot;4;3968;0.450970172882;9.53674316406e-07;0.0
numpy_dot;5;3968;0.452134132385;0.0;9.53674316406e-07
numpy_dot;6;3968;0.452734947205;0.0;0.0
numpy_dot;7;3968;0.453384876251;9.53674316406e-07;0.0
numpy_dot;8;3968;0.453409910202;0.0;9.53674316406e-07
numpy_dot;9;3968;0.453052043915;0.0;0.0
numpy_dot;0;4096;0.585493087769;9.53674316406e-07;0.0
numpy_dot;1;4096;0.56586098671;9.53674316406e-07;0.0
numpy_dot;2;4096;0.569260835648;9.53674316406e-07;0.0
numpy_dot;3;4096;0.561489105225;9.53674316406e-07;0.0
numpy_dot;4;4096;0.561962842941;1.19209289551e-06;0.0
numpy_dot;5;4096;0.559473991394;9.53674316406e-07;0.0
numpy_dot;6;4096;0.568333148956;0.0;0.0
numpy_dot;7;4096;0.561938047409;0.0;9.53674316406e-07
numpy_dot;8;4096;0.562935829163;0.0;0.0
numpy_dot;9;4096;0.567830085754;0.0;0.0
numpy_dot;0;4224;0.552309989929;0.0;0.0
numpy_dot;1;4224;0.530914783478;9.53674316406e-07;9.53674316406e-07
numpy_dot;2;4224;0.490082025528;9.53674316406e-07;0.0
numpy_dot;3;4224;0.53075504303;0.0;0.0
numpy_dot;4;4224;0.528048038483;1.19209289551e-06;0.0
numpy_dot;5;4224;0.529656887054;1.19209289551e-06;0.0
numpy_dot;6;4224;0.529965877533;0.0;0.0
numpy_dot;7;4224;0.529618024826;0.0;0.0
numpy_dot;8;4224;0.532983064651;0.0;1.19209289551e-06
numpy_dot;9;4224;0.52992105484;0.0;0.0
numpy_dot;0;4352;0.59229016304;9.53674316406e-07;9.53674316406e-07
numpy_dot;1;4352;0.540209054947;0.0;0.0
numpy_dot;2;4352;0.578628063202;9.53674316406e-07;0.0
numpy_dot;3;4352;0.580654859543;1.19209289551e-06;0.0
numpy_dot;4;4352;0.577404975891;9.53674316406e-07;0.0
numpy_dot;5;4352;0.576075792313;9.53674316406e-07;0.0
numpy_dot;6;4352;0.574922084808;9.53674316406e-07;0.0
numpy_dot;7;4352;0.575371980667;9.53674316406e-07;9.53674316406e-07
numpy_dot;8;4352;0.578279972076;9.53674316406e-07;0.0
numpy_dot;9;4352;0.575327157974;9.53674316406e-07;0.0
numpy_dot;0;4480;0.648226976395;9.53674316406e-07;0.0
numpy_dot;1;4480;0.557039022446;1.19209289551e-06;0.0
numpy_dot;2;4480;0.628046035767;0.0;0.0
numpy_dot;3;4480;0.622237920761;1.19209289551e-06;0.0
numpy_dot;4;4480;0.619281768799;0.0;9.53674316406e-07
numpy_dot;5;4480;0.620249032974;0.0;0.0
numpy_dot;6;4480;0.621284008026;0.0;0.0
numpy_dot;7;4480;0.619234085083;9.53674316406e-07;0.0
numpy_dot;8;4480;0.621520042419;9.53674316406e-07;1.19209289551e-06
numpy_dot;9;4480;0.62008690834;9.53674316406e-07;1.19209289551e-06
numpy_dot;0;4608;0.622482061386;9.53674316406e-07;0.0
numpy_dot;1;4608;0.658299922943;0.0;9.53674316406e-07
numpy_dot;2;4608;0.665427207947;9.53674316406e-07;0.0
numpy_dot;3;4608;0.657003164291;9.53674316406e-07;9.53674316406e-07
numpy_dot;4;4608;0.654418945312;1.19209289551e-06;9.53674316406e-07
numpy_dot;5;4608;0.658832073212;0.0;0.0
numpy_dot;6;4608;0.659474134445;9.53674316406e-07;9.53674316406e-07
numpy_dot;7;4608;0.655951976776;0.0;0.0
numpy_dot;8;4608;0.605782032013;1.19209289551e-06;0.0
numpy_dot;9;4608;0.660261154175;0.0;0.0
numpy_dot;0;4736;0.736349821091;0.0;0.0
numpy_dot;1;4736;0.714205980301;9.53674316406e-07;0.0
numpy_dot;2;4736;0.704089164734;9.53674316406e-07;0.0
numpy_dot;3;4736;0.71178984642;9.53674316406e-07;0.0
numpy_dot;4;4736;0.71284198761;0.0;9.53674316406e-07
numpy_dot;5;4736;0.712301015854;9.53674316406e-07;9.53674316406e-07
numpy_dot;6;4736;0.710153102875;9.53674316406e-07;0.0
numpy_dot;7;4736;0.710033893585;0.0;1.19209289551e-06
numpy_dot;8;4736;0.711179018021;9.53674316406e-07;9.53674316406e-07
numpy_dot;9;4736;0.710670948029;9.53674316406e-07;0.0
numpy_dot;0;4864;0.794548034668;9.53674316406e-07;0.0
numpy_dot;1;4864;0.762923002243;9.53674316406e-07;0.0
numpy_dot;2;4864;0.765347003937;9.53674316406e-07;9.53674316406e-07
numpy_dot;3;4864;0.764507055283;0.0;0.0
numpy_dot;4;4864;0.763576984406;9.53674316406e-07;0.0
numpy_dot;5;4864;0.765407085419;9.53674316406e-07;0.0
numpy_dot;6;4864;0.781806945801;9.53674316406e-07;1.19209289551e-06
numpy_dot;7;4864;0.776551008224;1.90734863281e-06;1.19209289551e-06
numpy_dot;8;4864;0.766949892044;0.0;0.0
numpy_dot;9;4864;0.766023159027;9.53674316406e-07;9.53674316406e-07
numpy_dot;0;4992;0.831781148911;0.0;0.0
numpy_dot;1;4992;0.802843093872;0.0;0.0
numpy_dot;2;4992;0.802885770798;0.0;0.0
numpy_dot;3;4992;0.804583072662;0.0;0.0
numpy_dot;4;4992;0.802525043488;9.53674316406e-07;1.90734863281e-06
numpy_dot;5;4992;0.80147600174;9.53674316406e-07;1.19209289551e-06
numpy_dot;6;4992;0.803874969482;1.90734863281e-06;0.0
numpy_dot;7;4992;0.80362701416;0.0;0.0
numpy_dot;8;4992;0.803457021713;1.19209289551e-06;0.0
numpy_dot;9;4992;0.807126998901;9.53674316406e-07;0.0
numpy_dot;0;5120;0.90021109581;0.0;0.0
numpy_dot;1;5120;0.874346017838;1.90734863281e-06;0.0
numpy_dot;2;5120;0.882089138031;0.0;0.0
numpy_dot;3;5120;0.875842094421;0.0;9.53674316406e-07
numpy_dot;4;5120;0.875874042511;0.0;0.0
numpy_dot;5;5120;0.878106832504;9.53674316406e-07;9.53674316406e-07
numpy_dot;6;5120;0.779325008392;9.53674316406e-07;1.19209289551e-06
numpy_dot;7;5120;0.880133152008;9.53674316406e-07;0.0
numpy_dot;8;5120;0.885613918304;9.53674316406e-07;0.0
numpy_dot;9;5120;0.799180984497;0.0;9.53674316406e-07
numpy_dot;0;5248;0.962939023972;9.53674316406e-07;1.19209289551e-06
numpy_dot;1;5248;0.871219873428;9.53674316406e-07;9.53674316406e-07
numpy_dot;2;5248;0.932420015335;0.0;0.0
numpy_dot;3;5248;0.830410003662;2.14576721191e-06;0.0
numpy_dot;4;5248;0.928200006485;0.0;9.53674316406e-07
numpy_dot;5;5248;0.933466911316;0.0;0.0
numpy_dot;6;5248;0.929399013519;0.0;0.0
numpy_dot;7;5248;0.928844213486;9.53674316406e-07;9.53674316406e-07
numpy_dot;8;5248;0.930559158325;0.0;0.0
numpy_dot;9;5248;0.930077075958;0.0;0.0
numpy_dot;0;5376;1.00594615936;0.0;2.14576721191e-06
numpy_dot;1;5376;0.976143836975;0.0;9.53674316406e-07
numpy_dot;2;5376;0.980036020279;2.14576721191e-06;0.0
numpy_dot;3;5376;0.969527006149;9.53674316406e-07;0.0
numpy_dot;4;5376;0.965656042099;0.0;0.0
numpy_dot;5;5376;0.922929048538;9.53674316406e-07;9.53674316406e-07
numpy_dot;6;5376;0.983036994934;0.0;1.19209289551e-06
numpy_dot;7;5376;0.89776802063;1.19209289551e-06;0.0
numpy_dot;8;5376;0.957098960876;1.19209289551e-06;0.0
numpy_dot;9;5376;0.889034986496;0.0;0.0
numpy_dot;0;5504;1.06311798096;2.14576721191e-06;0.0
numpy_dot;1;5504;1.03503799438;9.53674316406e-07;1.19209289551e-06
numpy_dot;2;5504;1.03318405151;0.0;9.53674316406e-07
numpy_dot;3;5504;1.03870296478;9.53674316406e-07;9.53674316406e-07
numpy_dot;4;5504;1.03016996384;0.0;0.0
numpy_dot;5;5504;1.03563904762;9.53674316406e-07;0.0
numpy_dot;6;5504;1.03749585152;9.53674316406e-07;0.0
numpy_dot;7;5504;1.03423190117;1.19209289551e-06;9.53674316406e-07
numpy_dot;8;5504;1.03604102135;0.0;0.0
numpy_dot;9;5504;1.03931903839;0.0;0.0
numpy_dot;0;5632;1.13508296013;0.0;0.0
numpy_dot;1;5632;1.11010098457;0.0;0.0
numpy_dot;2;5632;1.11527705193;0.0;0.0
numpy_dot;3;5632;1.11038303375;9.53674316406e-07;0.0
numpy_dot;4;5632;1.11451101303;0.0;9.53674316406e-07
numpy_dot;5;5632;1.06315803528;9.53674316406e-07;0.0
numpy_dot;6;5632;1.09449601173;9.53674316406e-07;0.0
numpy_dot;7;5632;1.11307692528;0.0;0.0
numpy_dot;8;5632;1.11360406876;0.0;0.0
numpy_dot;9;5632;1.11265087128;9.53674316406e-07;0.0
numpy_dot;0;5760;1.18706798553;0.0;0.0
numpy_dot;1;5760;1.15831494331;0.0;9.53674316406e-07
numpy_dot;2;5760;1.23668408394;1.19209289551e-06;9.53674316406e-07
numpy_dot;3;5760;1.18523097038;9.53674316406e-07;0.0
numpy_dot;4;5760;1.10015320778;9.53674316406e-07;0.0
numpy_dot;5;5760;1.15670800209;9.53674316406e-07;0.0
numpy_dot;6;5760;1.17335796356;0.0;0.0
numpy_dot;7;5760;1.09999608994;9.53674316406e-07;0.0
numpy_dot;8;5760;1.15256309509;9.53674316406e-07;0.0
numpy_dot;9;5760;1.04405999184;1.19209289551e-06;0.0
numpy_dot;0;5888;1.30370306969;9.53674316406e-07;1.19209289551e-06
numpy_dot;1;5888;1.30153894424;0.0;0.0
numpy_dot;2;5888;1.12031197548;9.53674316406e-07;9.53674316406e-07
numpy_dot;3;5888;1.2880051136;9.53674316406e-07;1.19209289551e-06
numpy_dot;4;5888;1.29685091972;0.0;9.53674316406e-07
numpy_dot;5;5888;1.10559105873;0.0;0.0
numpy_dot;6;5888;1.25520300865;9.53674316406e-07;0.0
numpy_dot;7;5888;1.2928609848;9.53674316406e-07;0.0
numpy_dot;8;5888;1.11985301971;9.53674316406e-07;0.0
numpy_dot;9;5888;1.261729002;2.14576721191e-06;0.0
numpy_dot;0;6016;1.38288593292;1.19209289551e-06;0.0
numpy_dot;1;6016;1.1845459938;0.0;0.0
numpy_dot;2;6016;1.35707712173;0.0;0.0
numpy_dot;3;6016;1.35656094551;0.0;0.0
numpy_dot;4;6016;1.35694408417;0.0;0.0
numpy_dot;5;6016;1.35566186905;9.53674316406e-07;0.0
numpy_dot;6;6016;1.3557369709;9.53674316406e-07;0.0
numpy_dot;7;6016;1.35449695587;0.0;0.0
numpy_dot;8;6016;1.23371696472;1.19209289551e-06;9.53674316406e-07
numpy_dot;9;6016;1.32255911827;9.53674316406e-07;0.0
numpy_dot;0;6144;1.49234890938;1.90734863281e-06;0.0
numpy_dot;1;6144;1.25265097618;0.0;0.0
numpy_dot;2;6144;1.38171887398;9.53674316406e-07;0.0
numpy_dot;3;6144;1.43617582321;9.53674316406e-07;0.0
numpy_dot;4;6144;1.4224281311;1.90734863281e-06;0.0
numpy_dot;5;6144;1.26702713966;0.0;0.0
numpy_dot;6;6144;1.43393206596;9.53674316406e-07;9.53674316406e-07
numpy_dot;7;6144;1.42950415611;9.53674316406e-07;0.0
numpy_dot;8;6144;1.4098508358;9.53674316406e-07;0.0
numpy_dot;9;6144;1.42670798302;9.53674316406e-07;9.53674316406e-07
numpy_dot;0;6272;1.52313685417;9.53674316406e-07;0.0
numpy_dot;1;6272;1.49492907524;9.53674316406e-07;9.53674316406e-07
numpy_dot;2;6272;1.50041484833;0.0;0.0
numpy_dot;3;6272;1.50109910965;9.53674316406e-07;9.53674316406e-07
numpy_dot;4;6272;1.49704694748;9.53674316406e-07;1.19209289551e-06
numpy_dot;5;6272;1.33023500443;0.0;0.0
numpy_dot;6;6272;1.37106609344;9.53674316406e-07;0.0
numpy_dot;7;6272;1.46794605255;9.53674316406e-07;0.0
numpy_dot;8;6272;1.5134999752;1.19209289551e-06;0.0
numpy_dot;9;6272;1.49261283875;0.0;0.0
numpy_dot;0;6400;1.61847305298;9.53674316406e-07;0.0
numpy_dot;1;6400;1.5895190239;0.0;0.0
numpy_dot;2;6400;1.59461593628;9.53674316406e-07;0.0
numpy_dot;3;6400;1.60170197487;0.0;0.0
numpy_dot;4;6400;1.58829712868;9.53674316406e-07;0.0
numpy_dot;5;6400;1.59447789192;0.0;1.19209289551e-06
numpy_dot;6;6400;1.59524202347;9.53674316406e-07;0.0
numpy_dot;7;6400;1.44744706154;9.53674316406e-07;0.0
numpy_dot;8;6400;1.56806492805;1.19209289551e-06;0.0
numpy_dot;9;6400;1.60826587677;2.14576721191e-06;9.53674316406e-07
numpy_dot;0;6528;1.69990205765;2.14576721191e-06;0.0
numpy_dot;1;6528;1.41185998917;0.0;0.0
numpy_dot;2;6528;1.65132188797;0.0;0.0
numpy_dot;3;6528;1.65130996704;0.0;0.0
numpy_dot;4;6528;1.64872789383;0.0;0.0
numpy_dot;5;6528;1.62250304222;9.53674316406e-07;9.53674316406e-07
numpy_dot;6;6528;1.4519879818;9.53674316406e-07;0.0
numpy_dot;7;6528;1.65389800072;9.53674316406e-07;9.53674316406e-07
numpy_dot;8;6528;1.64078998566;9.53674316406e-07;1.90734863281e-06
numpy_dot;9;6528;1.64504098892;9.53674316406e-07;0.0
numpy_dot;0;6656;1.77027416229;9.53674316406e-07;1.19209289551e-06
numpy_dot;1;6656;1.76655483246;0.0;0.0
numpy_dot;2;6656;1.76380991936;0.0;0.0
numpy_dot;3;6656;1.76480197906;9.53674316406e-07;9.53674316406e-07
numpy_dot;4;6656;1.75758004189;9.53674316406e-07;0.0
numpy_dot;5;6656;1.57058906555;9.53674316406e-07;9.53674316406e-07
numpy_dot;6;6656;1.58395910263;9.53674316406e-07;9.53674316406e-07
numpy_dot;7;6656;1.63200712204;9.53674316406e-07;0.0
numpy_dot;8;6656;1.64850902557;2.14576721191e-06;9.53674316406e-07
numpy_dot;9;6656;1.60096502304;9.53674316406e-07;0.0
numpy_dot;0;6784;1.88615894318;9.53674316406e-07;9.53674316406e-07
numpy_dot;1;6784;1.86004495621;9.53674316406e-07;0.0
numpy_dot;2;6784;1.8742120266;9.53674316406e-07;9.53674316406e-07
numpy_dot;3;6784;1.62773108482;1.19209289551e-06;0.0
numpy_dot;4;6784;1.64433312416;9.53674316406e-07;9.53674316406e-07
numpy_dot;5;6784;1.63369989395;9.53674316406e-07;9.53674316406e-07
numpy_dot;6;6784;1.86941099167;1.19209289551e-06;9.53674316406e-07
numpy_dot;7;6784;1.86783194542;0.0;0.0
numpy_dot;8;6784;1.86765289307;1.19209289551e-06;9.53674316406e-07
numpy_dot;9;6784;1.8125641346;9.53674316406e-07;0.0
numpy_dot;0;6912;1.84320116043;9.53674316406e-07;9.53674316406e-07
numpy_dot;1;6912;1.95384287834;9.53674316406e-07;0.0
numpy_dot;2;6912;1.92705512047;9.53674316406e-07;0.0
numpy_dot;3;6912;1.70287203789;9.53674316406e-07;0.0
numpy_dot;4;6912;1.6600959301;9.53674316406e-07;0.0
numpy_dot;5;6912;1.94076681137;1.90734863281e-06;9.53674316406e-07
numpy_dot;6;6912;1.93641781807;0.0;0.0
numpy_dot;7;6912;1.97095704079;9.53674316406e-07;0.0
numpy_dot;8;6912;1.97581315041;9.53674316406e-07;0.0
numpy_dot;9;6912;1.94560885429;9.53674316406e-07;0.0
numpy_dot;0;7040;2.09896993637;9.53674316406e-07;0.0
numpy_dot;1;7040;2.06628203392;1.19209289551e-06;0.0
numpy_dot;2;7040;2.07301402092;9.53674316406e-07;1.90734863281e-06
numpy_dot;3;7040;1.74866104126;9.53674316406e-07;9.53674316406e-07
numpy_dot;4;7040;2.04193305969;2.14576721191e-06;9.53674316406e-07
numpy_dot;5;7040;2.05547714233;0.0;0.0
numpy_dot;6;7040;2.04054093361;9.53674316406e-07;0.0
numpy_dot;7;7040;2.03335499763;0.0;0.0
numpy_dot;8;7040;2.04298996925;0.0;0.0
numpy_dot;9;7040;2.03871011734;9.53674316406e-07;0.0
numpy_dot;0;7168;2.20171713829;0.0;9.53674316406e-07
numpy_dot;1;7168;2.16066408157;9.53674316406e-07;1.90734863281e-06
numpy_dot;2;7168;2.17904520035;1.90734863281e-06;0.0
numpy_dot;3;7168;2.0978269577;0.0;0.0
numpy_dot;4;7168;2.08041286469;1.19209289551e-06;0.0
numpy_dot;5;7168;2.17687797546;0.0;0.0
numpy_dot;6;7168;2.20093393326;0.0;0.0
numpy_dot;7;7168;2.18392515182;0.0;9.53674316406e-07
numpy_dot;8;7168;1.98917889595;9.53674316406e-07;0.0
numpy_dot;9;7168;2.19004201889;1.90734863281e-06;0.0
numpy_dot;0;7296;2.24791121483;9.53674316406e-07;9.53674316406e-07
numpy_dot;1;7296;1.96750497818;9.53674316406e-07;0.0
numpy_dot;2;7296;1.96966505051;9.53674316406e-07;0.0
numpy_dot;3;7296;2.21460700035;9.53674316406e-07;0.0
numpy_dot;4;7296;1.92298293114;0.0;9.53674316406e-07
numpy_dot;5;7296;1.92830395699;9.53674316406e-07;0.0
numpy_dot;6;7296;1.94124603271;1.19209289551e-06;0.0
numpy_dot;7;7296;1.95860409737;9.53674316406e-07;9.53674316406e-07
numpy_dot;8;7296;1.94727015495;1.19209289551e-06;0.0
numpy_dot;9;7296;1.92667293549;9.53674316406e-07;0.0
numpy_dot;0;7424;2.37322092056;9.53674316406e-07;0.0
numpy_dot;1;7424;2.34926104546;0.0;0.0
numpy_dot;2;7424;2.3526160717;1.19209289551e-06;0.0
numpy_dot;3;7424;2.35350394249;9.53674316406e-07;9.53674316406e-07
numpy_dot;4;7424;2.1442129612;9.53674316406e-07;1.19209289551e-06
numpy_dot;5;7424;2.17149281502;9.53674316406e-07;9.53674316406e-07
numpy_dot;6;7424;2.17208385468;9.53674316406e-07;0.0
numpy_dot;7;7424;2.12734103203;9.53674316406e-07;0.0
numpy_dot;8;7424;2.3532128334;9.53674316406e-07;0.0
numpy_dot;9;7424;2.19705104828;0.0;0.0
numpy_dot;0;7552;2.49056386948;9.53674316406e-07;9.53674316406e-07
numpy_dot;1;7552;2.46476912498;9.53674316406e-07;9.53674316406e-07
numpy_dot;2;7552;2.48727416992;0.0;0.0
numpy_dot;3;7552;2.43933010101;0.0;1.19209289551e-06
numpy_dot;4;7552;2.49797296524;9.53674316406e-07;0.0
numpy_dot;5;7552;2.5344171524;9.53674316406e-07;9.53674316406e-07
numpy_dot;6;7552;2.17162299156;9.53674316406e-07;9.53674316406e-07
numpy_dot;7;7552;2.35223197937;9.53674316406e-07;0.0
numpy_dot;8;7552;2.2912671566;1.90734863281e-06;0.0
numpy_dot;9;7552;2.46924805641;9.53674316406e-07;0.0
numpy_dot;0;7680;2.3953139782;1.19209289551e-06;0.0
numpy_dot;1;7680;2.37885499001;1.19209289551e-06;0.0
numpy_dot;2;7680;2.3233730793;9.53674316406e-07;0.0
numpy_dot;3;7680;2.36452388763;0.0;0.0
numpy_dot;4;7680;2.51580405235;1.19209289551e-06;0.0
numpy_dot;5;7680;2.53592085838;9.53674316406e-07;0.0
numpy_dot;6;7680;2.58528399467;0.0;0.0
numpy_dot;7;7680;2.54495787621;9.53674316406e-07;0.0
numpy_dot;8;7680;2.35760998726;9.53674316406e-07;9.53674316406e-07
numpy_dot;9;7680;2.52936911583;9.53674316406e-07;0.0
numpy_dot;0;7808;2.4792740345;1.19209289551e-06;0.0
numpy_dot;1;7808;2.29700183868;9.53674316406e-07;9.53674316406e-07
numpy_dot;2;7808;2.67854309082;0.0;9.53674316406e-07
numpy_dot;3;7808;2.67925596237;9.53674316406e-07;0.0
numpy_dot;4;7808;2.67638897896;0.0;9.53674316406e-07
numpy_dot;5;7808;2.6865029335;9.53674316406e-07;0.0
numpy_dot;6;7808;2.68277287483;9.53674316406e-07;0.0
numpy_dot;7;7808;2.68276286125;0.0;0.0
numpy_dot;8;7808;2.40779900551;2.14576721191e-06;0.0
numpy_dot;9;7808;2.43238401413;9.53674316406e-07;0.0
numpy_dot;0;7936;2.48801398277;1.19209289551e-06;0.0
numpy_dot;1;7936;2.78814601898;9.53674316406e-07;0.0
numpy_dot;2;7936;2.78822779655;0.0;0.0
numpy_dot;3;7936;2.78748178482;9.53674316406e-07;0.0
numpy_dot;4;7936;2.56827402115;9.53674316406e-07;0.0
numpy_dot;5;7936;2.46078205109;9.53674316406e-07;9.53674316406e-07
numpy_dot;6;7936;2.82282185555;9.53674316406e-07;0.0
numpy_dot;7;7936;2.81670117378;9.53674316406e-07;0.0
numpy_dot;8;7936;2.81674909592;0.0;0.0
numpy_dot;9;7936;2.58416485786;9.53674316406e-07;9.53674316406e-07
numpy_dot;0;8064;2.92950797081;9.53674316406e-07;9.53674316406e-07
numpy_dot;1;8064;2.93627500534;9.53674316406e-07;0.0
numpy_dot;2;8064;2.93829703331;9.53674316406e-07;0.0
numpy_dot;3;8064;2.9276740551;9.53674316406e-07;0.0
numpy_dot;4;8064;2.91844201088;9.53674316406e-07;0.0
numpy_dot;5;8064;2.92889285088;0.0;9.53674316406e-07
numpy_dot;6;8064;2.93299198151;0.0;9.53674316406e-07
numpy_dot;7;8064;2.91975212097;9.53674316406e-07;0.0
numpy_dot;8;8064;2.79285907745;1.19209289551e-06;0.0
numpy_dot;9;8064;3.08930921555;9.53674316406e-07;0.0
numpy_dot;0;8192;3.29958820343;9.53674316406e-07;9.53674316406e-07
numpy_dot;1;8192;3.21616792679;0.0;0.0
numpy_dot;2;8192;3.3229701519;9.53674316406e-07;0.0
numpy_dot;3;8192;3.29990720749;9.53674316406e-07;0.0
numpy_dot;4;8192;4.09291791916;9.53674316406e-07;9.53674316406e-07
numpy_dot;5;8192;3.96407008171;0.0;0.0
numpy_dot;6;8192;3.54062485695;9.53674316406e-07;0.0
numpy_dot;7;8192;3.4226129055;9.53674316406e-07;0.0
numpy_dot;8;8192;3.30037999153;0.0;9.53674316406e-07
numpy_dot;9;8192;3.44725489616;9.53674316406e-07;0.0
